datenew,total_room,total_sold_persen,total_sold,total_room_available,total_arr,total_complimentary,total_revpar,total_commission,total_amount,total_net,taxes_amount,service_amount,consigment_include,consigment_add,revenue
2024-12-31,38,84.21,32,6,2323039.15,0,1956243.49,0,102778075.8,131358725.4,9343461.435,8494055.85,0,0,74337252.72
2025-01-01,38,100,38,0,2305880.9,0,2305880.9,0,125419403.7,122183320.4,11401763.97,10365239.97,0,0,87623474.12
2025-01-02,38,100,38,0,2271565.26,0,2271565.26,0,123076570.5,131042625.2,11188779.14,10171617.4,0,0,86319479.77
2025-01-03,38,100,38,0,2334832.61,0,2334832.61,0,123855603.2,127262661.8,11259600.29,10236000.27,0,0,88723639.04
2025-01-04,38,86.84,33,5,2145332.59,0,1863051.99,0,97673130.41,103028761.9,8879375.492,8072159.538,0,0,70795975.55
2025-01-05,37,83.78,31,6,2070887.11,0,1735067.58,0,89628975.47,87843365.26,8148088.679,7407353.345,0,0,64197500.39
2025-01-06,37,70.27,26,11,1737159.64,0,1220706.77,0,64431042.15,70180803.02,5857367.468,5324879.517,0,0,45166150.54
2025-01-07,37,70.27,26,11,1608316.46,0,1130168.32,0,61507635.81,65402515.55,5591603.255,5083275.687,0,0,41816227.94
2025-01-08,37,81.08,30,7,1610631.91,0,1305917.77,0,70235938.48,72300788,6385085.316,5804623.015,0,0,48318957.42
2025-01-09,37,51.35,19,18,1551396.98,0,796663.31,0,43256616.48,44365509.49,3932419.68,3574926.982,0,0,29476542.55
2025-01-10,37,51.35,19,18,1436992.16,0,737914.9,0,41606449.86,43484173.44,3782404.533,3438549.575,0,0,27302851.12
2025-01-11,37,59.46,22,12,1519817.87,3,903675.49,0,50177551.67,45788960.88,4561595.606,4146905.097,0,0,33435993.12
2025-01-12,37,51.35,19,18,1349110.94,0,692786.7,0,39236060.53,40316743,3566914.594,3242649.631,0,0,25633107.88
2025-01-13,38,55.26,21,16,1506699.78,1,832649.88,0,48135241.44,47673598.3,4375931.04,3978119.127,0,0,31640695.4
2025-01-14,38,71.05,27,11,1480719.06,0,1052089.86,0,62525091.68,65198978.66,5684099.244,5167362.949,0,0,39979414.61
2025-01-15,38,89.47,34,4,1597881.26,0,1429683.23,0,78216835.02,73840008.28,7110621.365,6464201.241,0,0,54327962.83
2025-01-16,38,78.95,30,8,1541999.8,0,1217368.26,0,66264592.68,66403779.07,6024053.88,5476412.618,0,0,46259993.95
2025-01-17,37,78.38,29,8,1604682.92,0,1257724.45,0,66118323.68,71663875.77,6010756.698,5464324.271,0,0,46535804.69
2025-01-18,37,62.16,23,14,1615844.11,0,1004443.64,0,57118941.6,63144951.74,5192631.055,4720573.686,0,0,37164414.55
2025-01-19,37,62.16,23,14,1635838.86,0,1016872.81,0,53645395.6,62005447.19,4876854.145,4433503.769,0,0,37624293.88
2025-01-20,36,91.67,33,3,1513532.14,0,1387404.47,0,72485338.5,73253407.85,6589576.227,5990523.843,0,0,49946560.74
2025-01-21,37,89.19,33,4,1447727.74,0,1291216.64,0,70197768.83,71469951.93,6381615.348,5801468.499,0,0,47775015.56
2025-01-22,36,86.11,31,5,1407570.3,0,1212074.43,0,65257962,67984709.92,5932542,5393220,0,0,43634679.34
2025-01-23,38,84.21,32,6,1370449.69,0,1154062.9,0,63813812,66812646.28,5801255.636,5273868.76,0,0,43854390.08
2025-01-24,38,84.21,32,6,1446922.21,0,1218460.81,0,69084828,75042749.59,6280438.909,5709489.917,0,0,46301510.74
2025-01-25,38,92.11,35,3,1404032.91,0,1293188.2,0,75580793.58,76019540.15,6870981.235,6246346.577,0,0,49141151.72
2025-01-26,38,94.74,36,2,1350813.74,0,1279718.28,0,73096446.58,68364539.32,6645131.507,6041028.643,0,0,48629294.69
2025-01-27,38,84.21,32,5,1401855.53,1,1180509.92,0,66884846.25,68166133.26,6080440.568,5527673.244,0,0,44859377.07
2025-01-28,38,86.84,33,4,1380524.21,1,1198876.29,0,71274331.75,69928860.95,6479484.705,5890440.64,0,0,45557298.97
2025-01-29,37,89.19,33,4,1434267.41,0,1279211.47,0,70835297.5,74645477.27,6439572.5,5854156.818,0,0,47330824.38
2025-01-30,37,97.3,36,1,1396577.49,0,1358832.15,0,74599915.5,81354694.63,6781810.5,6165282.273,0,0,50276789.67
2025-01-31,37,83.78,31,6,1425201.57,0,1194087.8,0,66164311,75735728.1,6014937.364,5468124.876,0,0,44181248.76
2025-02-01,37,89.19,33,3,1512546.14,1,1349027.64,0,71265967.5,78306096.28,6478724.318,5889749.38,0,0,49914022.73
2025-02-02,37,94.59,35,2,1419908.98,0,1343157.15,0,74593145.49,73260316.52,6781195.045,6164722.768,0,0,49696814.46
2025-02-03,37,91.89,34,3,1451673.35,0,1333970.1,0,70451841.5,74079876.45,6404712.864,5822466.24,0,0,49356893.8
2025-02-04,37,94.59,35,2,1314510.96,0,1243456.31,0,64919539,64594211.98,5901776.273,5365251.157,0,0,46007883.47
2025-02-05,37,78.38,29,8,1425927.39,0,1117618.76,0,57275792,58227266.12,5206890.182,4733536.529,0,0,41351894.21
2025-02-06,38,71.05,27,11,1636600.18,0,1162847.5,0,61667728,66467523.14,5606157.091,5096506.446,0,0,44188204.96
2025-02-07,38,71.05,27,11,1699338.93,0,1207425.03,0,64017403,65735371.07,5819763.909,5290694.463,0,0,45882151.24
2025-02-08,38,71.05,27,11,1585437.09,0,1126494.77,0,60796229.67,56235644.36,5526929.97,5024481.791,0,0,42806801.38
2025-02-09,37,64.86,24,13,1450420.26,0,940813.14,0,49970204.46,52889271.45,4542745.86,4129768.964,0,0,34810086.33
2025-02-10,37,78.38,29,8,1536214.8,0,1204060.25,0,62605777.47,67394639.23,5691434.315,5174031.196,0,0,44550229.31
2025-02-11,37,91.89,34,3,1706940.64,0,1568540.04,0,80173537.8,80362532.89,7288503.436,6625912.215,0,0,58035981.65
2025-02-12,37,97.3,36,0,1699684.67,1,1653747.25,0,84088264.2,91633607.6,7644387.655,6949443.322,0,0,61188648.1
2025-02-13,38,97.37,37,0,1751196.27,1,1705112.16,0,88251057.2,87579320,8022823.382,7293475.802,0,0,64794262.15
2025-02-14,38,65.79,25,12,1363601.96,1,897106.56,0,49278959.4,66473083.8,4479905.4,4072641.273,0,0,34090049.09
2025-02-15,38,65.79,25,7,1452323.25,6,955475.82,0,50662778.4,55724261.49,4605707.127,4187006.479,0,0,36308081.32
2025-02-16,37,83.78,31,6,1531406.89,0,1283070.64,0,68506072.4,71673069.75,6227824.764,5661658.876,0,0,47473613.56
2025-02-17,37,91.89,34,3,1571051.27,0,1443668.74,0,78791049.33,77668523.42,7162822.667,6511656.97,0,0,53415743.25
2025-02-18,37,89.19,33,4,1644231.99,0,1466477.18,0,77912183.33,77692341.6,7082925.758,6439023.416,0,0,54259655.65
2025-02-19,37,81.08,30,7,1554451.72,0,1260366.26,0,67781597.33,70848971.35,6161963.394,5601784.903,0,0,46633551.51
2025-02-20,37,72.97,27,10,1536258.89,0,1121053.79,0,59914578,63008148.76,5446779.818,4951618.017,0,0,41478990.08
2025-02-21,37,78.38,29,8,1580015.59,0,1238390.6,0,66017747,69115810.74,6001613.364,5456012.149,0,0,45820452.07
2025-02-22,37,75.68,28,8,1394627.1,1,1055393.48,0,56269966.2,61555522.48,5115451.473,4650410.43,0,0,39049558.84
2025-02-23,37,91.89,34,3,1457370.86,0,1339205.66,0,69991237.18,68624154.69,6362839.744,5784399.767,0,0,49550609.24
2025-02-24,37,86.49,32,5,1439640,0,1245094.05,0,68177860.68,71789904.69,6197987.335,5634533.94,0,0,46068479.9
2025-02-25,37,91.89,34,2,1433606.75,1,1317368.36,0,71143581.68,77580860.89,6467598.335,5879634.85,0,0,48742629.49
2025-02-26,37,86.49,32,4,1488270.38,1,1287152.76,0,68045829.2,74684007.6,6185984.473,5623622.248,0,0,47624652.23
2025-02-27,37,81.08,30,6,1416329.85,1,1148375.55,0,62692773.5,63698340.08,5699343.045,5181220.95,0,0,42489895.45
2025-02-28,37,75.68,28,8,1509278.65,1,1142156.81,0,59424360.5,63667092.15,5402214.591,4911104.174,0,0,42259802.07
2025-03-01,37,72.97,27,3,1555682.21,7,1135227.56,0,59474137.67,64696816.26,5406739.788,4915217.989,0,0,42003419.56
2025-03-02,37,78.38,29,7,1519799.88,1,1191194.5,0,60309777.66,63400675.75,5482707.06,4984279.145,0,0,44074196.41
2025-03-03,37,86.49,32,3,1476395.59,2,1276882.67,0,68641037.34,71430179.62,6240094.303,5672813.003,0,0,47244658.96
2025-03-04,36,75,27,8,1446289.31,1,1084716.98,0,55565271.66,60098480.71,5051388.333,4592171.212,0,0,39049811.29
2025-03-05,38,68.42,26,12,1478342.46,0,1011497.47,0,54273653.67,55679242.7,4933968.515,4485425.923,0,0,38436903.86
2025-03-06,38,76.32,29,9,1461573.27,0,1115411.18,0,61521606,62930314.88,5592873.273,5084430.248,0,0,42385624.79
2025-03-07,38,92.11,35,3,1406886.26,0,1295816.29,0,70561633,73826677.69,6414693.909,5831539.917,0,0,49241019.01
2025-03-08,38,76.32,29,8,1401108.09,1,1069266.7,0,57744883,68309269.01,5249534.818,4772304.38,0,0,40632134.71
2025-03-09,38,81.58,31,7,1359749.11,0,1109269.01,0,61274189,71429414.05,5570380.818,5063982.562,0,0,42152222.31
2025-03-10,38,78.95,30,7,1395461.96,1,1101680.49,0,59715269,62945149.59,5428660.818,4935146.198,0,0,41863858.68
2025-03-11,37,72.97,27,9,1336261.25,1,975109.56,0,50865655,53248619.83,4624150.455,4203773.14,0,0,36079053.72
2025-03-12,37,72.97,27,3,1375088.54,7,1003442.99,0,53034142.58,54370740.98,4821285.689,4382986.99,0,0,37127390.56
2025-03-13,37,67.57,25,12,1432905.95,0,968179.7,0,49355405.07,48183187.66,4486855.006,4078959.097,0,0,35822648.82
2025-03-14,37,83.78,31,5,1367552.18,1,1145786.96,0,59196882.4,64450468.93,5381534.764,4892304.331,0,0,42394117.69
2025-03-15,37,89.19,33,2,1376971.77,2,1228109.96,0,65872482.9,73504051.99,5988407.537,5444006.852,0,0,45440068.52
2025-03-16,37,97.3,36,1,1508416.21,0,1467648.2,0,76436609.9,79628716.45,6948782.718,6317075.199,0,0,54302983.39
2025-03-17,37,91.89,34,2,1420792.71,1,1305593.3,0,67181412.07,74596472.79,6107401.097,5552182.816,0,0,48306952.12
2025-03-18,38,81.58,31,2,1502688.48,5,1225877.45,0,65605845.07,75269813.28,5964167.734,5421970.667,0,0,46583343.03
2025-03-19,38,84.21,32,6,1491639.55,0,1256117.51,0,68141283.25,76612558.06,6194662.114,5631511.012,0,0,47732465.5
2025-03-20,38,97.37,37,1,1436271.15,0,1398474.54,0,75486859.25,78860063.02,6862441.75,6238583.409,0,0,53142032.44
2025-03-21,38,81.58,31,7,1449530.9,0,1182512.05,0,63061903.92,63658255.3,5732900.356,5211727.596,0,0,44935457.78
2025-03-22,38,73.68,28,8,1457338.13,2,1073828.1,0,57514615.92,60504265.22,5228601.447,4753274.043,0,0,40805467.7
2025-03-23,38,84.21,32,6,1360721.45,0,1145870.7,0,63687134.67,67733392.29,5789739.515,5263399.559,0,0,43543086.5
2025-03-24,38,81.58,31,7,1384335.03,0,1129325.95,0,61726407,62849398.35,5611491.545,5101355.95,0,0,42914385.95
2025-03-25,38,68.42,26,10,1406122.5,2,962083.82,0,51886613.98,56187762.79,4716964.907,4288149.916,0,0,36559185.11
2025-03-26,38,71.05,27,10,1324441.29,1,941050.39,0,52099496.98,51177117.34,4736317.907,4305743.552,0,0,35759914.86
2025-03-27,38,78.95,30,8,1322462.45,0,1044049.3,0,60025386.98,64574708.25,5456853.362,4960775.783,0,0,39673873.54
2025-03-28,38,84.21,32,0,1439525.41,6,1212231.93,0,69848424,69026829.75,6349856.727,5772597.025,0,0,46064813.22
2025-03-29,38,84.21,32,0,1335289.08,6,1124453.96,0,67912393,96901531.4,6173853.909,5612594.463,0,0,42729250.41
2025-03-30,38,89.47,34,3,1498719.7,1,1340959.73,0,75717328.34,81518539.12,6883393.485,6257630.441,0,0,50956469.7
2025-03-31,38,84.21,32,5,1605065.44,1,1351634.06,0,74668134,87723850.41,6788012.182,6170920.165,0,0,51362094.21
2025-04-01,37,67.57,25,12,1877081.15,0,1268298.07,0,71956704.66,78457665.01,6541518.605,5946835.096,0,0,46927028.64
2025-04-02,37,94.59,35,2,1597790.05,0,1511423.02,0,81216408.68,85904788.16,7383309.88,6712099.891,0,0,55922651.8
2025-04-03,37,89.19,33,4,1541579.64,0,1374922.38,0,74180275,74138966.94,6743661.363,6130601.239,0,0,50872128.1
2025-04-04,37,78.38,29,8,1357488.68,0,1063977.62,0,59349277.83,59494576.72,5395388.894,4904898.994,0,0,39367171.76
2025-04-05,37,86.49,32,5,1388706.34,0,1201043.32,0,69605709.5,72883974.79,6327791.773,5752537.975,0,0,44438602.89
2025-04-06,37,89.19,33,4,1526539.76,0,1361508.43,0,74489732.45,81493376.4,6771793.859,6156176.236,0,0,50375811.94
2025-04-07,37,81.08,30,6,1537597.73,1,1246700.86,0,67544797.7,75579068.35,6140436.155,5582214.686,0,0,46127931.98
2025-04-08,37,89.19,33,4,1623011.64,0,1447550.92,0,76206854.7,85770348.93,6927895.882,6298087.165,0,0,53559384.05
2025-04-09,38,81.58,31,7,1565410.29,0,1277045.24,0,71368540.08,82760115.76,6488049.098,5898226.452,0,0,48527719.07
2025-04-10,38,92.11,35,3,1661513.49,0,1530341.37,0,84630096.33,93550815.14,7693645.12,6994222.837,0,0,58152972.17
2025-04-11,38,81.58,31,6,1767686.9,1,1442060.36,0,78545935.54,81555821.52,7140539.595,6491399.632,0,0,54798293.84
2025-04-12,38,94.74,36,1,1831258.79,1,1734876.75,0,92709633.04,100224159.5,8428148.458,7661953.143,0,0,65925316.56
2025-04-13,38,86.84,33,5,1685507.93,0,1463730.57,0,80927331.79,88790563.46,7357030.163,6688209.239,0,0,55621761.81
2025-04-14,38,81.58,31,7,1686741.58,0,1376026.03,0,76269676.79,84078914.7,6933606.98,6303279.073,0,0,52288989.08
2025-04-15,38,89.47,34,4,1614332.15,0,1444402.45,0,82433624.8,92722348.59,7493965.89,6812696.264,0,0,54887293.22
2025-04-16,38,89.47,34,4,1683277.07,0,1506090.01,0,85655018.8,94859389.09,7786819.89,7078927.173,0,0,57231420.49
2025-04-17,38,100,38,0,1727430.77,0,1727430.77,0,97292267,106169240.5,8844751.545,8040683.223,0,0,65642369.42
2025-04-18,38,94.74,36,1,1758937.3,1,1666361.66,0,94579309,100505119,8598119,7816471.818,0,0,63321742.98
2025-04-19,38,94.74,36,1,1702073,1,1612490.21,0,92702300,92641921.49,8427481.818,7661347.107,0,0,61274628.1
2025-04-20,38,81.58,31,7,1663129.46,0,1356763.51,0,77073986,77598902.89,7006726,6369750.909,0,0,51557013.22
2025-04-21,38,97.37,37,1,1565747.73,0,1524543.84,0,86638525.8,89610469.26,7876229.618,7160208.744,0,0,57932665.95
2025-04-22,38,100,38,0,1385813.5,0,1385813.5,0,82394704.8,86064496.12,7490427.709,6809479.736,0,0,52660913.06
2025-04-23,38,100,38,0,1357603.24,0,1357603.24,0,75472596.8,82562580,6861145.164,6237404.694,0,0,51588922.98
2025-04-24,38,94.74,36,2,1505389.83,0,1426158.78,0,78384780.8,82751327.93,7125889.164,6478081.058,0,0,54194033.72
2025-04-25,38,73.68,28,10,1528840.01,0,1126513.69,0,62017099.47,70631072.29,5637918.134,5125380.121,0,0,42807520.22
2025-04-26,38,100,38,0,1659344.56,0,1659344.56,0,89991662.91,97489886.7,8181060.265,7437327.513,0,0,63055093.31
2025-04-27,38,100,38,0,1583717.64,0,1583717.64,0,87739336.92,88084784.64,7976303.356,7251184.869,0,0,60181270.18
2025-04-28,38,94.74,36,2,1709482.6,0,1619509.84,0,87975062.25,87217648.55,7997732.932,7270666.302,0,0,61541373.76
2025-04-29,38,94.74,36,2,1907465.36,0,1807072.45,0,94709191.25,92086153.93,8609926.477,7827205.888,0,0,68668753.1
2025-04-30,38,92.11,35,2,1845259.3,1,1699580.94,0,89766731.5,93488445.87,8160611.955,7418738.14,0,0,64584075.62
2025-05-01,38,97.37,37,0,1975090.9,1,1923114.82,0,101599819.5,108305173.1,9236347.227,8396679.298,0,0,73078363.22
2025-05-02,37,100,37,0,1841687.87,0,1841687.87,0,95902366,102490899.2,8718396.909,7925815.372,0,0,68142451.24
2025-05-03,37,97.3,36,1,1773007.85,0,1725088.72,0,92642222,94651960.33,8422020.182,7656381.983,0,0,63828282.64
2025-05-04,38,97.37,37,0,1556686.71,1,1515721.27,0,84757863.83,99319227.96,7705260.348,7004782.134,0,0,57597408.12
2025-05-05,38,100,38,0,1453706.8,0,1453706.8,0,81121438.47,89954870.64,7374676.225,6704251.113,0,0,55240858.24
2025-05-06,38,94.74,36,2,1449001.92,0,1372738.66,0,78648523.47,85510145.01,7149865.77,6499877.972,0,0,52164068.98
2025-05-07,38,84.21,32,6,1438573.86,0,1211430.62,0,67401579.81,75935884.14,6127416.346,5570378.497,0,0,46034363.48
2025-05-08,38,76.32,29,2,1548385.21,7,1181662.4,0,63792837.14,65537572.02,5799348.831,5272135.301,0,0,44903171.19
2025-05-09,38,81.58,31,5,1498761.35,2,1222673.73,0,68608538.14,74424244.33,6237139.831,5670127.119,0,0,46461601.77
2025-05-10,38,89.47,34,2,1536287.77,2,1374573.27,0,76692878.81,87019302.32,6972079.892,6338254.447,0,0,52233784.14
2025-05-11,38,97.37,37,0,1538584.18,1,1498095.12,0,82272413.67,84465203.86,7479310.334,6799373.031,0,0,56927614.6
2025-05-12,37,91.89,34,2,1619695.21,1,1488368.57,0,80114260.9,81760756.53,7283114.627,6621013.298,0,0,55069637.11
2025-05-13,37,89.19,33,3,1630582.17,1,1454303.01,0,76879145.92,77534161.92,6989013.265,6353648.423,0,0,53809211.5
2025-05-14,37,91.89,34,2,1673741.44,1,1538032.68,0,79727722.92,76739799.93,7247974.811,6589068.01,0,0,56907209.02
2025-05-15,37,91.89,34,3,1676271.16,0,1540357.28,0,82321795.32,88767153.16,7483799.575,6803454.159,0,0,56993219.27
2025-05-16,37,78.38,29,8,1538778.89,0,1206069.94,0,65685751.4,67140604.46,5971431.945,5428574.496,0,0,44624587.93
2025-05-17,37,94.59,35,2,1543540.77,0,1460106.13,0,81758951.48,79933381.39,7432631.953,6756938.139,0,0,54023926.84
2025-05-18,37,91.89,34,2,1597559.01,1,1468027.19,0,78318577.47,79567118.98,7119870.679,6472609.708,0,0,54317006.17
2025-05-19,37,94.59,35,1,1798172.44,1,1700973.93,0,88657602.97,88406374.36,8059782.088,7327074.626,0,0,62936035.51
2025-05-20,37,81.08,30,7,1650069.41,0,1337894.12,0,70397519.57,73844435.18,6399774.506,5817976.824,0,0,49502082.29
2025-05-21,37,81.08,30,7,1563824.72,0,1267965.99,0,70656837.4,76043510.25,6423348.855,5839408.05,0,0,46914741.66
2025-05-22,37,94.59,35,2,1585378.12,0,1499682.01,0,81845763.4,80134661.49,7440523.946,6764112.678,0,0,55488234.22
2025-05-23,37,100,37,0,1616014.59,0,1616014.59,0,90968973.4,102444550.3,8269906.673,7518096.975,0,0,59792540
2025-05-24,37,89.19,33,3,1476902.79,1,1317237.63,0,72007728.5,76433478.1,6546157.136,5951051.942,0,0,48737792.15
2025-05-25,38,86.84,33,5,1355008.94,0,1176718.29,0,68550507.16,78218319.97,6231864.287,5665331.17,0,0,44715295.17
2025-05-26,38,97.37,37,1,1577267.91,0,1535760.86,0,83119284.14,83142519.95,7556298.558,6869362.326,0,0,58358912.51
2025-05-27,38,94.74,36,2,1556977.67,0,1475031.47,0,87316947.14,97636010.04,7937904.286,7216276.623,0,0,56051195.99
2025-05-28,38,92.11,35,3,1584862.13,0,1459741.43,0,84928911.14,88281827.39,7720810.104,7018918.276,0,0,55470174.5
2025-05-29,38,84.21,32,6,1550727.87,0,1305876.1,0,73794183.14,76863721.61,6708562.104,6098692.822,0,0,49623291.85
2025-05-30,38,86.84,33,0,1547919.89,5,1344246.22,0,77103441.14,78623678.63,7009403.74,6372185.218,0,0,51081356.32
2025-05-31,38,97.37,37,1,1776746.73,0,1729990.24,0,96279951.14,103052207.6,8752722.831,7957020.756,0,0,65739629.04
2025-06-01,38,92.11,35,3,1797619.86,0,1655702.5,0,88059201,86915546.28,8005381.909,7277619.917,0,0,62916695.04
2025-06-02,38,78.95,30,8,1842319.56,0,1454462.81,0,81011200,92408851.24,7364654.545,6695140.496,0,0,55269586.78
2025-06-03,38,97.37,37,1,1912863.84,0,1862525.32,0,103398914,113971521.9,9399901.273,8545364.793,0,0,70775961.98
2025-06-04,38,97.37,37,1,1954353.63,0,1902923.27,0,102416412,104208894.2,9310582.909,8464166.281,0,0,72311084.3
2025-06-05,38,100,38,0,2011087.12,0,2011087.12,0,107889786,117639238.4,9808162.364,8916511.24,0,0,76421310.74
2025-06-06,38,97.37,37,1,1762835.48,0,1716445.07,0,93852144.5,100159065.7,8532013.136,7756375.579,0,0,65224912.81
2025-06-07,38,86.84,33,3,1641787.72,2,1425763.02,0,79586583.5,87928232.23,7235143.955,6577403.595,0,0,54178994.63
2025-06-08,38,100,38,0,1735124.3,0,1735124.3,0,97153515.5,99433271.49,8832137.773,8029216.157,0,0,65934723.55
2025-06-09,38,94.74,36,2,1627758.86,0,1542087.34,0,88297675.84,89904632.93,8027061.44,7297328.582,0,0,58599318.88
2025-06-10,38,89.47,34,4,1535760.37,0,1374101.38,0,78573681.66,78464811.29,7143061.969,6493692.699,0,0,52215852.61
2025-06-11,38,92.11,35,3,1603939.78,0,1477312.95,0,82921849.67,85924136.09,7538349.97,6853045.427,0,0,56137892.29
2025-06-12,38,97.37,37,1,1603411.1,0,1561216.07,0,87314715.08,87486760.4,7937701.371,7216092.155,0,0,59326210.81
2025-06-13,38,81.58,31,7,1604059.58,0,1308574.92,0,75823274.75,83076475,6893024.977,6266386.343,0,0,49725846.9
2025-06-14,38,97.37,37,0,1781778.63,1,1734889.72,0,96625229.25,107698635.7,8784111.75,7985556.136,0,0,65925809.3
2025-06-15,38,92.11,35,3,1799016.72,0,1656989.09,0,89953358.25,92323184.5,8177578.023,7434161.839,0,0,62965585.33
2025-06-16,38,92.11,35,3,1784619.69,0,1643728.66,0,87868644,95963346.28,7988058.545,7261871.405,0,0,62461689.26
2025-06-17,38,78.95,30,7,1833891.58,1,1447809.15,0,77560264.5,84593871.49,7050933.136,6409939.215,0,0,55016747.52
2025-06-18,38,89.47,34,4,1874517.15,0,1677199.55,0,89157635.5,87866707.02,8105239.591,7368399.628,0,0,63733583.06
2025-06-19,38,100,38,0,1812595.81,0,1812595.81,0,100538155.2,107624946.5,9139832.295,8308938.45,0,0,68878640.69
2025-06-20,38,100,38,0,1917394.76,0,1917394.76,0,102356811.2,103432879.1,9305164.656,8459240.597,0,0,72861001.01
2025-06-21,38,89.47,34,3,1919654.89,1,1717585.96,0,92444602.22,95621394.4,8404054.747,7640049.77,0,0,65268266.3
2025-06-22,38,86.84,33,5,2047399.38,0,1778004.72,0,95585157.22,103389782.8,8689559.747,7899599.77,0,0,67564179.52
2025-06-23,38,97.37,37,1,1886814.26,0,1837161.25,0,103132674.2,101845293.6,9375697.656,8523361.506,0,0,69812127.45
2025-06-24,38,97.37,37,1,1724593.17,0,1679209.14,0,93670036.42,95762738.36,8515457.856,7741325.324,0,0,63809947.45
2025-06-25,38,94.74,36,2,1550352.53,0,1468755.03,0,81603356.42,92245370.6,7418486.947,6744079.043,0,0,55812691.26
2025-06-26,38,94.74,36,1,1724609.42,1,1633840.51,0,95783986.42,98436769.77,8707635.129,7916031.936,0,0,62085939.19
2025-06-27,38,92.11,35,2,1846301.96,1,1700541.28,0,94690888.09,96840654.62,8608262.554,7825693.231,0,0,64620568.67
2025-06-28,38,86.84,33,5,1776379.36,0,1542645.23,0,87380827.87,87666465.18,7943711.625,7221556.022,0,0,58620518.9
2025-06-29,38,81.58,31,6,1625563.88,1,1326117.9,0,76549901.17,77522430.72,6959081.925,6326438.113,0,0,50392480.31
2025-06-30,38,71.05,27,11,1704888.58,0,1211368.2,0,71698709.83,80338296.55,6518064.53,5925513.209,0,0,46031991.6
2025-07-01,38,100,38,0,1770326.17,0,1770326.17,0,101449597.3,101299668.9,9222690.665,8384264.241,0,0,67272394.48
2025-07-02,38,100,38,0,1914186.86,0,1914186.86,0,104239311.8,105713071.8,9476301.076,8614819.16,0,0,72739100.69
2025-07-03,38,84.21,32,5,2109053.78,1,1776045.29,0,98117562.5,105280290.5,8919778.409,8108889.463,0,0,67489721.07
2025-07-04,38,71.05,27,10,2015586.81,1,1432127.47,0,76254221,78314704.13,6932201.909,6302001.736,0,0,54420843.8
2025-07-05,38,71.05,27,10,2100097.11,1,1492174.26,0,78920172.68,76580437.75,7174561.153,6522328.321,0,0,56702622.05
2025-07-06,38,86.84,33,4,2262829.82,1,1965089.05,0,105554794.7,100760397.2,9595890.424,8723536.749,0,0,74673384.02
2025-07-07,39,84.62,33,6,2431869.22,0,2057735.49,0,111779537.8,112038501.9,10161776.17,9237978.333,0,0,80251684.16
2025-07-08,40,92.5,37,3,2422916.26,0,2241197.54,0,126223960.8,115126592.4,11474905.53,10431732.3,0,0,89647901.5
2025-07-09,40,97.5,39,0,2559974.04,1,2495974.69,0,138530174.8,139074038.7,12593652.26,11448774.78,0,0,99838987.45
2025-07-10,40,85,34,6,2611404.13,0,2219693.51,0,123858166.1,127023062.9,11259833.28,10236212.07,0,0,88787740.57
2025-07-11,40,97.5,39,1,2544759.19,0,2481140.21,0,140852186.1,141846886.9,12804744.19,11640676.54,0,0,99245608.34
2025-07-12,40,97.5,39,1,2604437.24,0,2539326.31,0,141028393.3,151332572.9,12820763.02,11655239.11,0,0,101573052.3
2025-07-13,40,97.5,39,1,2262718.97,0,2206150.99,0,128032708.1,137004899.2,11639337.1,10581215.54,0,0,88246039.74
2025-07-14,41,92.68,38,3,2173912.92,0,2014846.12,0,117306516.2,116294029.1,10664228.74,9694753.402,0,0,82608691.05
2025-07-15,41,90.24,37,4,2072957.35,0,1870717.61,0,110281300.5,115169955,10025572.77,9114157.066,0,0,76699421.9
2025-07-16,41,95.12,39,2,2037474.85,0,1938085.83,0,115743438,117760169.4,10522130.73,9565573.388,0,0,79461519.01
2025-07-17,41,97.56,40,1,2286916.01,0,2231137.57,0,127261735,136381200,11569248.64,10517498.76,0,0,91476640.5
2025-07-18,42,97.62,41,1,2462515.14,0,2403883.83,0,141135376.3,148911752.3,12830488.76,11664080.69,0,0,100963120.9
2025-07-19,42,97.62,41,1,2408993.58,0,2351636.59,0,140730171.7,153148239.4,12793651.97,11630592.7,0,0,98768736.93
2025-07-20,43,88.37,38,5,2391805.06,0,2113688.19,0,128160196.7,139123452.6,11650926.97,10591751.79,0,0,90888592.28
2025-07-21,43,88.37,38,5,2239809.69,0,1979366.7,0,121411449.6,127370257.5,11037404.51,10034004.1,0,0,85112768.25
2025-07-22,43,88.37,38,5,2325944.5,0,2055485.84,0,121571928.3,136858105.2,11051993.48,10047266.8,0,0,88385891.12
2025-07-23,43,93.02,40,3,2540513.78,0,2363268.63,0,136465866.7,132771055.2,12405987.89,11278170.8,0,0,101620551
2025-07-24,43,95.35,41,2,2358769.49,0,2249059.28,0,132743554.2,143506571.3,12067595.84,10970541.67,0,0,96709548.96
2025-07-25,43,88.37,38,5,2309050.87,0,2040556.58,0,119795159,118671536,10890469,9900426.364,0,0,87743933.06
2025-07-26,43,88.37,38,5,2628946.7,0,2323255.23,0,136728969.4,138894569.7,12429906.31,11299914.82,0,0,99899974.69
2025-07-27,43,100,43,0,2885161.15,0,2885161.15,0,172719934.4,155729615.2,15701812.22,14274374.74,0,0,124061929.2
2025-07-28,43,83.72,36,7,2617590.39,0,2191471.02,0,131892237.3,138907764.7,11990203.39,10900184.9,0,0,94233254
2025-07-29,43,97.67,42,1,2645102,0,2583588,0,153344083.6,149555255.9,13940371.24,12673064.76,0,0,111094284
2025-07-30,43,95.35,41,2,2630759.72,0,2508398.8,0,147581989.6,148910764.2,13416544.51,12196858.65,0,0,107861148.5
2025-07-31,43,95.35,41,2,2595646.31,0,2474918.58,0,144860013.6,153711131.9,13169092.15,11971901.95,0,0,106421498.9
2025-08-01,43,93.02,40,3,2578465.05,0,2398572.14,0,142312708.6,154982187.3,12937518.97,11761380.88,0,0,103138602.2
2025-08-02,43,79.07,34,9,2408517.91,0,1904409.51,0,112836426.9,117786875.1,10257856.99,9325324.536,0,0,81889608.99
2025-08-03,43,93.02,40,3,2448151.48,0,2277350.21,0,133615531.5,131653189.7,12146866.5,11042605.91,0,0,97926059.09
2025-08-04,43,90.7,39,4,2653722.59,0,2406864.67,0,140404169,142317581.8,12764015.36,11603650.33,0,0,103495181
2025-08-05,43,100,43,0,2569560.14,0,2569560.14,0,148819214,154933652.1,13529019.45,12299108.6,0,0,110491086
2025-08-06,43,97.67,42,1,2327221.84,0,2273100.4,0,139169414,144203700,12651764.91,11501604.46,0,0,97743317.36
2025-08-07,43,100,43,0,2339817.99,0,2339817.99,0,140655729.8,144050933.7,12786884.53,11624440.48,0,0,100612173.4
2025-08-08,43,95.35,41,2,2278361.76,0,2172391.45,0,131129527.1,133432043,11920866.1,10837151,0,0,93412832.3
2025-08-09,43,93.02,40,3,2197864.71,0,2044525.31,0,122471652,131874438.8,11133786.54,10121624.13,0,0,87914588.4
2025-08-10,43,93.02,40,3,2190591.2,0,2037759.25,0,125299614,137041887.6,11390874,10355340,0,0,87623647.91
2025-08-11,43,97.67,42,1,2369352.75,0,2314251.53,0,139010506.9,152065253.7,12637318.81,11488471.65,0,0,99512815.64
2025-08-12,43,100,43,0,2566048.32,0,2566048.32,0,153951494,162047535.5,13995590.36,12723263.97,0,0,110340077.7
2025-08-13,43,95.35,41,2,2561362.59,0,2442229.44,0,145784197.9,156078849.5,13253108.9,12048280.82,0,0,105015866
2025-08-14,43,97.67,42,1,2624740.94,0,2563700.45,0,152589334.4,153718585.5,13871757.67,12610688.79,0,0,110239119.3
2025-08-15,43,97.67,42,0,2568122.65,1,2508398.87,0,148111993,152033333.1,13464726.64,12240660.58,0,0,107861151.2
2025-08-16,43,100,43,0,2392475.36,0,2392475.36,0,145640492.8,140687326.3,13240044.8,12036404.37,0,0,102876440.4
2025-08-17,43,86.05,37,6,2331102.33,0,2005832.24,0,119348451.4,130470251.6,10849859.22,9863508.381,0,0,86250786.29
2025-08-18,43,97.67,42,1,2302501.77,0,2248955.22,0,135423139.8,140095417.2,12311194.53,11191995.03,0,0,96705074.25
2025-08-19,43,95.35,41,2,2392932.44,0,2281633.26,0,134348378.4,138418689.6,12213488.95,11103171.77,0,0,98110230.09
2025-08-20,43,97.67,42,1,2400029.05,0,2344214.42,0,138804476.4,148183754.1,12618588.76,11471444.33,0,0,100801220.2
2025-08-21,43,97.67,42,1,2493127.08,0,2435147.38,0,143035718.2,142183229.9,13003247.11,11821133.73,0,0,104711337.3
2025-08-22,43,97.67,42,1,2394498.05,0,2338812.05,0,135688391.1,140066774.4,12335308.28,11213916.62,0,0,100568918.2
2025-08-23,43,76.74,33,10,2589021.46,0,1986923.45,0,115514627,112059171.9,10501329.72,9546663.385,0,0,85437708.23
2025-08-24,43,95.35,41,2,2453548.86,0,2339430.31,0,136420558.9,137080465.2,12401868.99,11274426.35,0,0,100595503.2
2025-08-25,43,79.07,34,9,2549331.57,0,2015750.54,0,119654500.9,128977050.3,10877681.9,9888801.724,0,0,86677273.43
2025-08-26,43,90.7,39,4,2528216.44,0,2293033.52,0,137056534,156206651.3,12459684.91,11326986.28,0,0,98600441.34
2025-08-27,43,95.35,41,2,2479431.3,0,2364108.91,0,141704586.6,148388545.1,12882235.15,11711122.86,0,0,101656683.2
2025-08-28,43,90.7,39,4,2321717.5,0,2105743.78,0,126671849,134536028.1,11515622.64,10468747.85,0,0,90546982.65
2025-08-29,43,88.37,38,5,2150814.8,0,1900720.06,0,119804464.7,121730927.8,10891314.97,9901195.427,0,0,81730962.53
2025-08-30,43,76.74,33,10,1967936.36,0,1510276.74,0,97814698.66,98644131.13,8892245.333,8083859.394,0,0,64941899.72
2025-08-31,43,76.74,33,10,2191494.22,0,1681844.4,0,106491364.3,106894268,9681033.121,8800939.201,0,0,72319309.37
2025-09-01,43,97.67,42,1,1981698.13,0,1935612.12,0,121374898.7,125495478.3,11034081.7,10030983.36,0,0,83231321.25
2025-09-02,43,93.02,40,3,1872409.67,0,1741776.44,0,109419628.1,114972945.6,9947238.92,9042944.473,0,0,74896386.88
2025-09-03,42,85.71,36,6,1768571.69,0,1515918.6,0,93763983,100966396.7,8523998.455,7749089.504,0,0,63668580.99
2025-09-04,42,88.1,37,5,1899466.15,0,1673339.22,0,108099099.3,113752682.9,9827190.849,8933809.863,0,0,70280247.39
2025-09-05,42,85.71,36,5,2048857.23,1,1756163.34,0,112953220.9,119726266.9,10268474.63,9334976.935,0,0,73758860.26
2025-09-06,42,92.86,39,3,1998799.47,0,1856028.08,0,116043347.1,123232418.3,10549395.19,9590359.267,0,0,77953179.45
2025-09-07,42,76.19,32,10,1741873.31,0,1327141.57,0,84325334.52,93249243.4,7665939.502,6969035.911,0,0,55739945.88
2025-09-08,43,83.72,36,7,1870583.17,0,1566069.63,0,98987603,99522732.23,8998873,8180793.636,0,0,67340994.21
2025-09-09,42,100,42,0,2046470.02,0,2046470.02,0,120651606.5,117852939.3,10968327.86,9971207.149,0,0,85951740.91
2025-09-10,43,90.7,39,4,2018168.94,0,1830432.3,0,110647392.5,118797464.5,10058853.86,9144412.603,0,0,78708588.84
2025-09-11,43,90.7,39,4,1874245.94,0,1699897.48,0,102835666,106737925.2,9348696.906,8498815.369,0,0,73095591.71
2025-09-12,43,81.4,35,7,2113488.04,1,1720280.96,0,103636218.6,107591561.2,9421474.414,8564976.74,0,0,73972081.45
2025-09-13,43,81.4,35,7,1868038.15,1,1520496.17,0,93101415.47,103589171.9,8463765.043,7694331.857,0,0,65381335.1
2025-09-14,42,100,42,0,1892536.7,0,1892536.7,0,115418715.1,119344453,10492610.46,9538736.783,0,0,79486541.38
2025-09-15,43,97.67,42,1,1815283.73,0,1773067.83,0,112292719.1,124810414.5,10208429.01,9280390.006,0,0,76241916.59
2025-09-16,43,95.35,41,2,1988597.79,0,1896104.87,0,116304336.3,129287209.4,10573121.49,9611928.623,0,0,81532509.37
2025-09-17,43,88.37,38,4,2067206.6,1,1826833.74,0,113060159.7,118038299.7,10278196.33,9343814.849,0,0,78553850.97
2025-09-18,43,90.7,39,3,1930020.25,1,1750483.48,0,108747655.7,120751280.7,9886150.516,8987409.56,0,0,75270789.82
2025-09-19,43,86.05,37,6,1750902.34,0,1506590.39,0,96402897.85,106529971.8,8763899.805,7967181.64,0,0,64783386.65
2025-09-20,42,95.24,40,2,1700561.05,0,1619581.95,0,101117154.9,100762667.7,9192468.625,8356789.659,0,0,68022442.04
2025-09-21,42,85.71,36,6,1899323.08,0,1627991.21,0,100784513.2,96259126.61,9162228.473,8329298.612,0,0,68375630.74
2025-09-22,42,83.33,35,7,1861346.48,0,1551122.07,0,96368023.53,95842929.36,8760729.412,7964299.465,0,0,65147126.88
2025-09-23,42,95.24,40,2,1837077.59,0,1749597.71,0,106399555.5,112063190.5,9672686.866,8793351.697,0,0,73483103.74
2025-09-24,42,92.86,39,3,1757194,0,1631680.15,0,99001985,100720838.8,9000180.455,8181982.231,0,0,68530566.12
2025-09-25,42,97.62,41,1,1657542.21,0,1618076.92,0,100040669,104308238.9,9094606.274,8267823.885,0,0,67959230.59
2025-09-26,42,80.95,34,8,1552776.92,0,1257009.89,0,82741242.66,85295493.11,7521931.151,6838119.228,0,0,52794415.42
2025-09-27,42,90.48,38,4,1629326.72,0,1474152.75,0,95071442.66,101774746,8642858.424,7857144.021,0,0,61914415.42
2025-09-28,42,88.1,37,4,1740931.89,1,1533678.09,0,97391520.67,101901246.4,8853774.606,8048886.006,0,0,64414479.89
2025-09-29,42,90.48,38,4,1827542.66,0,1653490.98,0,103900411.4,110770978,9445491.945,8586810.86,0,0,69446620.99
2025-09-30,41,82.93,34,7,1764057.63,0,1462877.06,0,90143331.1,91737721.57,8194848.282,7449862.074,0,0,59977959.59
2025-10-01,42,97.62,41,1,1847239.49,0,1803257.59,0,112166550.9,116207666.1,10196959.18,9269962.887,0,0,75736818.96
2025-10-02,42,92.86,39,2,1681307.59,1,1561214.19,0,95605905.33,101338849.9,8691445.939,7901314.49,0,0,65570996.14
2025-10-03,43,97.67,42,0,1636079.13,1,1598030.78,0,102060541.6,97730071.59,9278231.057,8434755.506,0,0,68715323.66
2025-10-04,43,93.02,40,3,1609799.96,0,1497488.33,0,96589317.9,100416699.9,8780847.082,7982588.256,0,0,64391998.26
2025-10-05,43,97.67,42,1,1674584.79,0,1635640.96,0,104737398.9,120068700.7,9521581.718,8655983.38,0,0,70332561.07
2025-10-06,43,97.67,42,1,1836889.85,0,1794171.48,0,110320742.2,115630410.9,10029158.39,9117416.714,0,0,77149373.75
2025-10-07,43,95.35,41,2,1715812.6,0,1636007.36,0,102936462.9,105328546.2,9357860.266,8507145.697,0,0,70348316.47
2025-10-08,43,95.35,41,2,1713202.09,0,1633518.28,0,103101955.9,103205498.3,9372905.085,8520822.804,0,0,70241285.89
2025-10-09,43,88.37,38,5,1770833.79,0,1564922.88,0,98642937.6,101863258.3,8967539.782,8152308.893,0,0,67291683.97
2025-10-10,43,93.02,40,3,1529852.46,0,1423118.57,0,93349859.27,102358563,8486350.843,7714864.402,0,0,61194098.57
2025-10-11,43,76.74,33,8,1456939.89,2,1118116.66,0,76085609.92,80496741.26,6916873.629,6288066.936,0,0,48079016.46
2025-10-12,43,74.42,32,11,1462344.9,0,1088256.67,0,71121994.44,79162104.49,6465635.858,5877850.78,0,0,46795036.72
2025-10-13,43,81.4,35,8,1419625.95,0,1155509.5,0,76416159.1,86637375.29,6946923.555,6315385.05,0,0,49686908.35
2025-10-14,43,79.07,34,1,1472179.21,8,1164048.68,0,77190452.84,91490533.75,7017313.894,6379376.267,0,0,50054093.25
2025-10-15,43,86.05,37,6,1442029.63,0,1240816.19,0,86124666.51,91641095.46,7829515.137,7117741.033,0,0,53355096.29
2025-10-16,42,97.62,41,1,1515741.47,0,1479652.38,0,99890934.18,104103802.6,9080994.016,8255449.105,0,0,62145400.14
2025-10-17,43,88.37,38,5,1429028.98,0,1262862.82,0,91236752.29,95174456.43,8294250.208,7540227.462,0,0,54303101.06
2025-10-18,43,88.37,38,4,1445274.1,1,1277218.98,0,91558703.28,96494271.3,8323518.48,7566834.981,0,0,54920415.93
2025-10-19,43,95.35,41,2,1564104.13,0,1491355.1,0,97800205.95,103533049.5,8890927.813,8082661.648,0,0,64128269.38
2025-10-20,43,88.37,38,5,1685931.47,0,1489892.92,0,95414128.86,110497905.7,8674011.715,7885465.195,0,0,64065395.75
2025-10-21,43,100,43,0,1659320.77,0,1659320.77,0,108819459.8,109615085,9892678.167,8993343.788,0,0,71350793.26
2025-10-22,43,97.67,42,1,1605793.19,0,1568449.17,0,103331410.1,110299774.4,9393764.551,8539785.955,0,0,67443314.1
2025-10-23,42,85.71,36,6,1513117.68,0,1296958.01,0,86781406.06,95079423.19,7889218.733,7172017.03,0,0,54472236.41
2025-10-24,42,78.57,33,3,1827237.71,6,1435686.77,0,90471601.7,93239787.36,8224691.064,7476991.876,0,0,60298844.38
2025-10-25,42,85.71,36,2,1742647.87,4,1493698.17,0,92524741.2,101819038.2,8411340.109,7646672.826,0,0,62735323.31
2025-10-26,42,85.71,36,6,1791745.73,0,1535782.05,0,95498443.86,96626189.14,8681676.715,7892433.377,0,0,64502846.17
2025-10-27,42,90.48,38,4,1655438.71,0,1497777.88,0,98747071.67,102875700.6,8977006.515,8160915.014,0,0,62906670.8
2025-10-28,42,97.62,41,1,1579224.97,0,1541624.37,0,101170350.7,94375618.74,9197304.606,8361186.006,0,0,64748223.69
2025-10-29,42,83.33,35,6,1424116.13,1,1186763.44,0,79651318.17,80192807.58,7241028.924,6582753.567,0,0,49844064.6
2025-10-30,40,70,28,11,1338073.51,1,936651.46,0,58903930.67,63587878.24,5354902.788,4868093.444,0,0,37466058.4
2025-10-31,40,90,36,3,1304121.69,1,1173709.52,0,75027540.66,77731593.11,6820685.515,6200623.195,0,0,46948380.71
2025-11-01,42,71.43,30,10,1241123.85,2,886517.03,0,62195295.6,62983285.62,5654117.782,5140107.074,0,0,37233715.37
2025-11-02,42,83.33,35,6,1225834.13,1,1021528.45,0,69536575.6,70652055.04,6321506.873,5746824.43,0,0,42904194.71
2025-11-03,42,85.71,36,6,1518743.11,0,1301779.81,0,84071449.8,86273504.79,7642859.073,6948053.702,0,0,54674751.9
2025-11-04,41,80.49,33,8,1508923.11,0,1214499.09,0,76301299.8,73372293.22,6936481.8,6305892.545,0,0,49794462.64
2025-11-05,43,90.7,39,4,1546659.71,0,1402784.39,0,90466871.8,92180224.63,8224261.073,7476600.975,0,0,60319728.76
2025-11-06,43,100,43,0,1613725.01,0,1613725.01,0,104272112.5,100917919.4,9479282.95,8617529.955,0,0,69390175.58
2025-11-07,43,62.79,27,15,1563414.83,1,981679.08,0,65956762.45,64224609.46,5996069.314,5450972.103,0,0,42212200.37
2025-11-08,43,60.47,26,14,1601220.7,3,968179.96,0,61694403.25,61027915.91,5608582.114,5098711.012,0,0,41631738.22
2025-11-09,43,76.74,33,10,1604990.19,0,1231736.66,0,77807258.25,88903469.63,7073387.114,6430351.921,0,0,52964676.24
2025-11-10,43,90.7,39,4,1519035.37,0,1377729.75,0,88578279,94515500.83,8052570.818,7320518.926,0,0,59242379.34
2025-11-11,42,90.48,38,4,1518086.95,0,1373507.24,0,85826638,94376558.68,7802421.636,7093110.579,0,0,57687304.13
2025-11-12,41,87.8,36,2,1506234.45,3,1322547.32,0,81576572.5,85437881.4,7416052.045,6741865.496,0,0,54224440.08
2025-11-13,42,88.1,37,0,1530862.97,5,1348617.38,0,85656735.25,90804517.56,7786975.932,7079069.029,0,0,56641929.96
2025-11-14,42,83.33,35,6,1472451.44,1,1227042.87,0,76498318.52,74245883.07,6954392.593,6322175.084,0,0,51535800.43
2025-11-15,42,80.95,34,5,1357413.26,3,1098858.35,0,70758981.51,67942121.08,6432634.683,5847849.712,0,0,46152050.83
2025-11-16,42,88.1,37,5,1466076.82,0,1291543.86,0,81601259.02,83535612.41,7418296.275,6743905.704,0,0,54244842.17
2025-11-17,42,76.19,32,10,1466363.47,0,1117229.31,0,69427593.6,73358793.88,6311599.418,5737817.653,0,0,46923631.07
2025-11-18,42,88.1,37,5,1533230.02,0,1350702.64,0,84167708,86803735.54,7651609.818,6956008.926,0,0,56729510.74
2025-11-19,42,92.86,39,3,1602800.14,0,1488314.42,0,91046138.67,92383714.6,8276921.697,7524474.27,0,0,62509205.51
2025-11-20,43,86.05,37,6,1566880.02,0,1348245.6,0,83179218.66,96623809.64,7561747.151,6874315.592,0,0,57974560.88
2025-11-21,39,76.92,30,8,1645797.21,1,1265997.85,0,70682438.67,69395292.29,6425676.243,5841523.857,0,0,49373916.26
2025-11-22,42,71.43,30,6,1563116.5,6,1116511.79,0,67371129,68392172.73,6124648.091,5567861.901,0,0,46893495.04
2025-11-23,42,71.43,30,11,1599365.37,1,1142403.84,0,69426963,71403659.5,6311542.091,5737765.537,0,0,47980961.16
2025-11-24,42,69.05,29,13,1526815.18,0,1054229.53,0,64330944.67,66166017.08,5848267.697,5316606.997,0,0,44277640.22
2025-11-25,42,83.33,35,7,1527398.67,0,1272832.22,0,78720333.67,82872974.11,7156393.97,6505812.7,0,0,53458953.45
2025-11-26,39,76.92,30,9,1492012.61,0,1147702.01,0,67645057.66,71273895.59,6149550.696,5590500.633,0,0,44760378.23
2025-11-27,41,80.49,33,8,1540080.06,0,1239576.63,0,76255396.75,79826427.07,6932308.795,6302098.905,0,0,50822641.94
2025-11-28,42,90.48,38,3,1499419.26,1,1356617.43,0,87108297.75,88695055.99,7918936.159,7199032.872,0,0,56977932.02
2025-11-29,43,69.77,30,12,1395941.62,1,973912.76,0,64747680.75,66280946.9,5886152.795,5351047.996,0,0,41878248.55
2025-11-30,43,67.44,29,13,1421782.35,1,958876.47,0,63355342.75,74173510.54,5759576.614,5235978.74,0,0,41231688.22
2025-12-01,43,58.14,25,18,1595068.66,0,927365.5,0,59020827,69245836.36,5365529.727,4877754.298,0,0,39876716.53
2025-12-02,43,81.4,35,8,1434208.25,0,1167378.81,0,75253719.47,79931529.31,6841247.225,6219315.659,0,0,50197288.82
2025-12-03,43,74.42,32,11,1387290.46,0,1032402.2,0,68030886.66,68244117.9,6184626.06,5622387.327,0,0,44393294.76
2025-12-04,43,69.77,30,6,1404074.87,7,979587.12,0,63827917.67,67544784.85,5802537.97,5275034.518,0,0,42122246.01
2025-12-05,43,76.74,33,9,1414807.11,1,1085782.2,0,68733248,67951817.36,6248477.091,5680433.719,0,0,46688634.71
2025-12-06,43,62.79,27,15,1427445.65,1,896303.08,0,55449649.25,55905067.98,5040877.205,4582615.64,0,0,38541032.44
2025-12-07,43,67.44,29,11,1110306.5,3,748811.36,0,49450655.25,47374558.06,4495514.114,4086831.012,0,0,32198888.64
2025-12-08,43,65.12,28,13,1186876.93,2,772850.09,0,49401390.25,61052983.68,4491035.477,4082759.525,0,0,33232553.93
2025-12-09,43,69.77,30,12,1279065.16,1,892371.04,0,55720065.25,58617301.86,5065460.477,4604964.07,0,0,38371954.75
2025-12-10,43,55.81,24,19,1803838.5,0,1006793.58,0,60988470,64388756.2,5544406.364,5040369.421,0,0,43292123.97
2025-12-11,43,55.81,24,19,1661871.49,0,927556.18,0,58305748,60843749.59,5300522.545,4818656.86,0,0,39884915.7
2025-12-12,43,65.12,28,15,1608021.31,0,1047083.64,0,64644762,66774452.89,5876796.545,5342542.314,0,0,45024596.69
2025-12-13,43,72.09,31,11,1569179.29,1,1131268.79,0,73474915,72435733.06,6679537.727,6072307.025,0,0,48644557.85
2025-12-14,43,67.44,29,14,1395174.01,0,940931.31,0,60451656,63149158.68,5495605.091,4996004.628,0,0,40460046.28
2025-12-15,42,83.33,35,7,1310998.42,0,1092498.68,0,66960783,81313285.95,6087343.909,5533949.008,0,0,45884944.63
2025-12-16,42,71.43,30,11,1417523.72,1,1012516.94,0,61031111,70692717.36,5548282.818,5043893.471,0,0,42525711.57
2025-12-17,43,65.12,28,14,1595728.31,1,1039078.9,0,61963275,66996177.69,5633025,5120931.818,0,0,44680392.56
2025-12-18,43,65.12,28,14,1600782.82,1,1042370.21,0,62234522,61997695.87,5657683.818,5143348.926,0,0,44821919.01
2025-12-19,43,55.81,24,19,1689425.59,0,942935.21,0,56205919,54622238.84,5109629,4645117.273,0,0,40546214.05
2025-12-20,43,58.14,25,17,2008062.35,1,1167478.11,0,74661386,71493686.78,6787398.727,6170362.479,0,0,50201558.68
2025-12-21,43,60.47,26,17,1854440.75,0,1121289.76,0,73873206,71541300.83,6715746,6105223.636,0,0,48215459.5
2025-12-22,43,69.77,30,13,1956839.61,0,1365236.94,0,89380778,84771035.54,8125525.273,7386841.157,0,0,58705188.43
2025-12-23,43,72.09,31,12,1897506.4,0,1367969.73,0,85027964.94,83530499.95,7729814.995,7027104.54,0,0,58822698.3
2025-12-24,43,74.42,32,11,2068500.79,0,1539349.43,0,97589850.6,103487123.6,8871804.6,8065276.909,0,0,66192025.29
2025-12-25,43,86.05,37,6,2086140.86,0,1795051.43,0,113249026.1,113749052.1,10295366.01,9359423.644,0,0,77187211.64
2025-12-26,43,97.67,42,1,2277313.63,0,2224352.85,0,135580578.7,133588035.3,12325507.16,11205006.51,0,0,95647172.51
2025-12-27,43,95.35,41,2,2196174.82,0,2094027.16,0,128414733.1,135372689.3,11674066.64,10612787.86,0,0,90043167.82
2025-12-28,43,95.35,41,2,2151163.81,0,2051109.68,0,126056736.6,125552364.1,11459703.32,10417912.11,0,0,88197716.17
2025-12-29,43,97.67,42,1,2402726.86,0,2346849.49,0,142669079.2,142615964.6,12969916.29,11790832.99,0,0,100914528.3
2025-12-30,43,90.7,39,4,2361118.57,0,2141479.63,0,133413685.3,136915135.8,12128516.85,11025924.4,0,0,92083624.21
2025-12-31,43,97.67,42,1,2341074.78,0,2286631.18,0,136665920.3,155696234.1,12424174.57,11294704.16,0,0,98325140.74
2026-01-01,43,95.35,41,2,2332122.76,0,2223651.94,0,130464110.3,125740213.5,11860373.66,10782157.88,0,0,95617033.31
2026-01-02,43,100,43,0,2163830.96,0,2163830.96,0,127804125.1,132441624.8,11618556.82,10562324.38,0,0,93044731.45
2026-01-03,43,95.35,41,2,1901776.24,0,1813321.53,0,109757119.1,115909497.6,9977919.914,9070836.285,0,0,77972825.66
2026-01-04,43,90.7,39,4,1996360.78,0,1810652.8,0,110268265.3,111548649,10024387.75,9113079.774,0,0,77858070.47
2026-01-05,43,88.37,38,5,1780659.73,0,1573606.27,0,95899734.24,105811375.4,8718157.659,7925597.871,0,0,67665069.62
2026-01-06,43,76.74,33,10,1692364.95,0,1298791.71,0,79821132.55,90789628.56,7256466.596,6596787.814,0,0,55848043.43
2026-01-07,43,69.77,30,12,1467252.89,1,1023664.81,0,64041280.02,72621310.35,5821934.548,5292667.771,0,0,44017586.8
2026-01-08,43,62.79,27,15,1486367.59,1,933300.58,0,57929629,68947143.81,5266329.909,4787572.645,0,0,40131924.8
2026-01-09,43,62.79,27,15,1781589.63,1,1118672.56,0,68324533.26,78255731.62,6211321.206,5646655.642,0,0,48102920.05
2026-01-10,43,67.44,29,14,1807225.7,0,1218826.63,0,75345549.67,86989556.75,6849595.425,6226904.931,0,0,52409545.18
2026-01-11,42,66.67,28,14,1469992.23,0,979994.82,0,59943336.64,67935393.92,5449394.24,4953994.764,0,0,41159782.35
2026-01-12,42,73.81,31,10,1537413.36,1,1134757.48,0,67993375.3,77033019.26,6181215.937,5619287.215,0,0,47659814.3
2026-01-13,42,69.05,29,12,1627515.95,1,1123761.02,0,66809534.8,67933223.8,6073594.073,5521449.157,0,0,47197962.65
2026-01-14,42,85.71,36,4,1531788.9,2,1312961.92,0,78704724.66,79025916.25,7154974.969,6504522.699,0,0,55144400.55
2026-01-15,42,69.05,29,11,1481338.06,2,1022828.66,0,64910152.42,67792225.14,5900922.947,5364475.407,0,0,42958803.65
2026-01-16,42,80.95,34,8,1566418.41,0,1268053,0,77522453.43,78609053.25,7047495.766,6406814.333,0,0,53258225.98
2026-01-17,43,81.4,35,8,1637631.27,0,1332955.68,0,82118684.1,89052418.26,7465334.918,6786668.107,0,0,57317094.3
2026-01-18,43,69.77,30,13,1606220.03,0,1120618.63,0,69510787.1,72792613.31,6319162.464,5744693.149,0,0,48186600.91
2026-01-19,43,69.77,30,13,1613306.81,0,1125562.89,0,70628037.1,78980105.87,6420730.645,5837027.86,0,0,48399204.21
2026-01-20,43,76.74,33,10,1578975.87,0,1211772.18,0,75263506.45,80290283.02,6842136.95,6220124.5,0,0,52106203.68
2026-01-21,43,69.77,30,13,1517328.63,0,1058601.37,0,68029029.45,75500229.3,6184457.223,5622233.839,0,0,45519859.05
2026-01-22,42,71.43,30,12,1472665.78,0,1051904.13,0,65372767.8,75073221.32,5942978.891,5402708.083,0,0,44179973.39
2026-01-23,42,73.81,31,11,1452965.79,0,1072427.13,0,67395746.78,66290784.94,6126886.071,5569896.428,0,0,45041939.49
2026-01-24,42,80.95,34,8,1471225.01,0,1190991.67,0,73971196.78,74504071.72,6724654.253,6113322.048,0,0,50021650.23
2026-01-25,43,62.79,27,16,1476778.49,0,927279.52,0,59066353.33,69238812.67,5369668.485,4881516.804,0,0,39873019.28
2026-01-26,42,76.19,32,10,1520011.76,0,1158104.2,0,71144855.33,74576311.84,6467714.121,5879740.11,0,0,48640376.31
2026-01-27,42,76.19,32,10,1575914.13,0,1200696.48,0,74884395.13,74198045.56,6807672.285,6188792.986,0,0,50429252.17
2026-01-28,42,85.71,36,6,1473306.53,0,1262834.17,0,77292232.3,76864560.17,7026566.573,6387787.793,0,0,53039034.96
2026-01-29,42,90.48,38,4,1413976.61,0,1279312.17,0,79404644.3,84824524.21,7218604.027,6562367.298,0,0,53731110.99
2026-01-30,42,80.95,34,8,1355880.76,0,1097617.76,0,67170934.64,83009572.02,6106448.604,5551316.912,0,0,46099945.98
2026-01-31,42,71.43,30,11,1245644.33,1,889745.95,0,53866889.1,64358052.97,4896989.918,4451809.016,0,0,37369329.83
2026-02-01,42,71.43,30,12,1356842.35,0,969173.1,0,58078377.13,66464435.64,5279852.466,4799865.878,0,0,40705270.35
2026-02-02,42,78.57,33,9,1351549.48,0,1061931.74,0,65717370.8,76463657.68,5974306.436,5431187.669,0,0,44601132.89
2026-02-03,42,90.48,38,4,1358896.93,0,1229478.17,0,74482080.8,81175380.83,6771098.255,6155543.868,0,0,51638083.31
2026-02-04,42,90.48,38,4,1350178,0,1221589.62,0,74356184.55,85382235.17,6759653.141,6145139.219,0,0,51306764.09
2026-02-05,42,85.71,36,6,1402152.3,0,1201844.83,0,72302754.24,79072671.27,6572977.658,5975434.235,0,0,50477482.84
2026-02-06,42,83.33,35,7,1396778.94,0,1163982.45,0,70278588.1,81971431.49,6388962.555,5808147.777,0,0,48887262.89
2026-02-07,41,97.56,40,0,1246200.78,1,1215805.64,0,73416117.92,80130492.5,6674192.538,6067447.762,0,0,49848031.34
2026-02-08,42,97.62,41,1,1281374.96,0,1250866.04,0,77619011.91,85197629.68,7056273.81,6414794.373,0,0,52536373.48
2026-02-09,43,72.09,31,12,1343036.27,0,968235.45,0,60927290.36,67449120.13,5538844.578,5035313.253,0,0,41634124.26
2026-02-10,43,81.4,35,8,1249374.17,0,1016932.47,0,64760996.19,73946052.22,5887363.29,5352148.445,0,0,43728096.02
2026-02-11,42,71.43,30,12,1312391.67,0,937422.62,0,57589817.69,60999138.59,5235437.972,4759489.065,0,0,39371750.16
2026-02-12,42,69.05,29,13,1382747.69,0,954754.36,0,57970616.5,62373897.93,5270056.045,4790960.041,0,0,40099683.06
2026-02-13,42,90.48,38,3,1393757.22,1,1261018.43,0,77024956.83,78632997.38,7002268.803,6365698.912,0,0,52962774.24
2026-02-14,43,93.02,40,1,1337916.94,2,1244573.9,0,79195179.83,88750353.58,7199561.803,6545056.184,0,0,53516677.55
2026-02-15,43,93.02,40,0,1414269.99,3,1315599.99,0,81715667.69,92403714.62,7428697.063,6753360.966,0,0,56570799.74
2026-02-16,43,95.35,41,1,1476542.23,1,1407865.85,0,86886260.19,92813493.54,7898750.926,7180682.66,0,0,60538231.56
2026-02-17,43,93.02,40,3,1442635.29,0,1341986.32,0,84408548.19,92044486.11,7673504.381,6975913.073,0,0,57705411.73
2026-02-18,43,90.7,39,4,1418159.95,0,1286238.1,0,81192968.21,79548560.5,7381178.928,6710162.662,0,0,55308238.19
2026-02-19,43,83.72,36,7,1374952.41,0,1151122.95,0,71817926.86,75122394.1,6528902.442,5935365.856,0,0,49498286.66
2026-02-20,43,97.67,42,1,1345645.69,0,1314351.6,0,84310713.86,84148705.67,7664610.351,6967827.592,0,0,56517118.89
2026-02-21,43,93.02,40,0,1346637.5,3,1252686.04,0,79732254.84,86398380.03,7248386.804,6589442.549,0,0,53865499.87
2026-02-22,43,95.35,41,2,1338668.51,0,1276404.85,0,80366344.6,86477212.48,7306031.327,6641846.661,0,0,54885408.76
2026-02-23,43,74.42,32,11,1416185.71,0,1053905.64,0,65134710.6,85555405.45,5921337.327,5383033.934,0,0,45317942.64
2026-02-24,43,86.05,37,6,1417687.64,0,1219870.76,0,75934875.6,84304186.45,6903170.509,6275609.554,0,0,52454442.64
2026-02-25,43,76.74,33,10,1539585.19,0,1181542.12,0,73240636.6,82799164.96,6658239.691,6052945.174,0,0,50806311.24
2026-02-26,43,81.4,35,8,1438476.26,0,1170852.77,0,72659469.6,73970224.05,6605406.327,6004914.843,0,0,50346669.09
2026-02-27,43,86.05,37,6,1457434.2,0,1254071.29,0,79064329,81961335.54,7187666.273,6534242.066,0,0,53925065.29
2026-02-28,43,76.74,33,10,1339839.89,0,1028249.22,0,67589807,74151028.93,6144527.909,5585934.463,0,0,44214716.53
2026-03-01,43,72.09,31,11,1600869.82,1,1154115.45,0,71213627,76459274.38,6473966.091,5885423.719,0,0,49626964.46
2026-03-02,43,65.12,28,15,1649624.85,0,1074174.32,0,67054290,71214661.16,6095844.545,5541676.86,0,0,46189495.87
2026-03-03,43,65.12,28,7,1679449,8,1093594.7,0,67114732,78357675.21,6101339.273,5546672.066,0,0,47024571.9
2026-03-04,42,76.19,32,8,1482935.77,2,1129855.82,0,66919273,74235952.89,6083570.273,5530518.43,0,0,47453944.63
2026-03-05,42,76.19,32,8,1551000.39,2,1181714.58,0,69954735,72528074.38,6359521.364,5781383.058,0,0,49632012.4
2026-03-06,42,73.81,31,11,1481294.93,0,1093336.74,0,65463373,54101961.16,5951215.727,5410196.116,0,,45920142.98
2026-03-07,43,74.42,32,11,1404226.705,0,1045005.92,0,63771658,52703849.59,5797423.455,5270384.959,0,,44935254.55
2026-03-08,43,65.12,28,15,1394544.54,0,908075.5141,0,56187169,46435676.86,5107924.455,4643567.686,0,,39047247.11
2026-03-09,43,65.12,28,14,1564142.975,1,1018511.705,0,63363164,52366251.24,5760287.636,5236625.124,0,,43796003.31
2026-03-10,43,55.81,24,17,1467991.724,2,819344.2181,0,53075479.67,43864032.78,4825043.606,4386403.278,0,,35231801.38
2026-03-11,43,58.14,25,17,1457641.939,1,847466.2438,0,52988668.67,43792288.15,4817151.697,4379228.815,0,,36441048.48
2026-03-12,43,51.16,22,21,1343829.74,0,687540.797,0,43112747.67,35630369.97,3919340.697,3563036.997,0,,29564254.27
2026-03-13,43,51.16,22,21,1346394.666,0,688853.0848,0,42556026,35170269.42,3868729.636,3517026.942,0,,29620682.64
2026-03-14,43,46.51,20,22,1316139.174,1,612157.7551,0,38440568,31769064.46,3494597.091,3176906.446,0,,26322783.47
2026-03-15,43,39.53,17,26,1186113.077,0,468928.4259,0,29763346,24597806.61,2705758.727,2459780.661,0,,20163922.31
2026-03-16,43,62.79,27,16,1191053.137,0,747870.5747,0,50301706,41571657.85,4572882.364,4157165.785,0,,32158434.71
2026-03-17,43,69.77,30,13,1307582.094,0,912266.577,0,56130230,46388619.83,5102748.182,4638861.983,0,,39227462.81
2026-03-18,43,69.77,30,7,1539059.945,6,1073762.752,0,64792876,53547831.4,5890261.455,5354783.14,0,,46171798.35
2026-03-19,43,69.77,30,7,1552466.116,6,1083115.895,0,66679520,55107041.32,6061774.545,5510704.132,0,,46573983.47
2026-03-20,43,79.07,34,9,1619330.08,0,1280400.529,0,79514239.5,65714247.52,7228567.227,6571424.752,0,,55057222.73
2026-03-21,43,74.42,32,11,1407061.738,0,1047115.712,0,66401430.5,54877215.29,6036493.682,5487721.529,0,,45025975.62
2026-03-22,43,76.74,33,9,1442325.025,1,1106900.601,0,69827038.25,57708296.07,6347912.568,5770829.607,0,,47596725.83
2026-03-23,43,81.4,35,7,1565783.034,1,1274474.563,0,77875911.49,64360257.43,7079628.317,6436025.743,0,,54802406.19
2026-03-24,43,100,43,0,1557832.922,0,1557832.922,0,94824046.95,78366980.95,8620367.905,7836698.095,0,,66986815.66
2026-03-25,43,83.72,36,7,1486035.949,0,1244123.12,0,78761725.95,65092335.5,7160156.905,6509233.55,0,,53497294.17
2026-03-26,43,74.42,32,11,1352792.98,0,1006729.66,0,62910144.2,51991854.71,5719104.018,5199185.471,0,,43289375.37
2026-03-27,43,79.07,34,8,1424862.14,1,1126635.18,0,72698828.42,60081676.38,6608984.402,6008167.638,0,,48445312.74
2026-03-28,43,81.4,35,7,1548165.325,1,1260134.567,0,80634801.5,66640331.82,7330436.5,6664033.182,0,,54185786.36
2026-03-29,43,81.4,35,7,1680138.518,1,1367554.607,0,85503866.22,70664352.25,7773078.747,7066435.225,0,,58804848.12
2026-03-30,43,81.4,35,8,1385820.508,0,1127993.436,0,70609498.5,58354957.44,6419045.318,5835495.744,0,,48503717.77
2026-03-31,43,81.4,35,8,1522001.338,0,1238838.298,0,80401756.67,66447732.79,7309250.606,6644773.279,0,,53270046.83
2026-04-01,43,88.37,38,5,1722061.206,0,1521821.531,0,95143261.66,78987912.6,8462325.696,7693023.36,0,,65438325.83
2026-04-02,43,88.37,38,5,1758308.009,0,1553853.589,0,94584889.67,78526448.15,8411564.606,7646876.915,0,,66815704.35
2026-04-03,43,51.16,22,21,2135506.826,0,1092584.888,0,64888593,55076191.49,5139829.364,4672572.149,0,,46981150.17
2026-04-04,43,62.79,27,16,2025650.006,0,1271919.771,0,75694387,64006599.75,6122174.273,5565612.975,0,,54692550.17
2026-04-05,43,55.81,24,19,2197163.019,0,1226323.546,0,68265443,58818689.32,4948299.545,4498454.132,0,,52731912.46
2026-04-06,43,60.47,26,17,2171579.702,0,1313048.192,0,74457726.33,63936278.85,5511234.394,5010213.085,0,,56461072.24
2026-04-07,43,51.16,22,21,1880557.116,0,962145.5011,0,58408611.33,49343330.93,4748480.212,4316800.193,0,,41372256.55
2026-04-08,43,48.84,21,22,1895388.207,0,925654.7056,0,58006814.33,47939515.98,5273346.758,4793951.598,0,,39803152.34
2026-04-09,43,44.19,19,24,2393082.877,0,1057408.713,0,62082771.33,52344607.71,5100942.848,4637220.771,0,,45468574.66
2026-04-10,43,46.51,20,23,2035947.576,0,946952.3608,0,56135727.33,47429695.32,4560302.485,4145729.532,0,,40718951.52
2026-04-11,43,55.81,24,19,1818668.021,0,1015070.523,0,62489915.33,52681090.36,5137955.939,4670869.036,0,,43648032.51
2026-04-12,43,39.53,17,26,1494292.756,0,590766.9037,0,39323398,33535208.26,3031908.909,2756280.826,0,,25402976.86
2026-04-13,43,41.86,18,25,1204033.747,0,504014.1265,0,35023855,28945334.71,3183986.818,2894533.471,0,,21672607.44
2026-04-14,43,55.81,24,13,1199521.618,6,669500.4382,0,43300832.8,36094303.97,3774848.436,3431680.397,0,,28788518.84
2026-04-15,43,60.47,26,17,1310400.534,0,792335.2066,0,49991925.8,41624132.89,4383129.618,3984663.289,0,,34070413.88
2026-04-16,43,62.79,27,16,1386737.857,0,870742.3756,0,54961450.8,45731178.35,4834904.618,4395367.835,0,,37441922.15
2026-04-17,43,53.49,23,20,1444157.054,0,772456.0984,0,47557615.8,39612306.45,4161828.709,3783480.645,0,,33215612.23
2026-04-18,43,37.21,16,27,1733734.907,0,645110.6631,0,39011832.8,32549675.87,3384939.345,3077217.587,0,,27739758.51
2026-04-19,43,39.53,17,26,1710911.959,0,676407.0536,0,42773459,35349966.12,3888496.273,3534996.612,0,,29085503.31
2026-04-20,43,44.19,19,24,2036762.201,0,899964.6934,0,54605163,45128233.88,4964105.727,4512823.388,0,,38698481.82
2026-04-21,43,48.84,21,22,2041630.886,0,997075.5491,0,59997817,50638711.42,4902388.636,4456716.942,0,,42874248.61
2026-04-22,43,62.79,27,16,1946500.165,0,1222221.034,0,72797136.56,61216661.47,6065963.142,5514511.947,0,,52555504.45
2026-04-23,43,62.79,27,16,1938051.782,0,1216916.235,0,72071127.9,60616654.31,5999962.355,5454511.231,0,,52327398.12
2026-04-24,43,74.42,32,11,2101431.607,0,1563856.08,0,91622408,76774737.04,7777351.455,7070319.504,0,,67245811.42
2026-04-25,43,62.79,27,16,1961759.596,0,1231802.537,0,73845686,61029492.56,6713244.182,6102949.256,0,,52967509.09
2026-04-26,43,48.84,21,22,1908372.176,0,931995.714,0,57046737,47146063.64,5186067,4714606.364,0,,40075815.7
2026-04-27,43,51.16,22,21,1750041.961,0,895370.3056,0,54316117,44889352.89,4937828.818,4488935.289,0,,38500923.14
2026-04-28,43,55.81,24,19,1996248.269,0,1114185.08,0,65104871,54943016.3,5322876.273,4838978.43,0,,47909958.45
2026-04-29,43,62.79,27,16,1927857.659,0,1210515.274,0,73066931,61523231.17,6046699.909,5496999.917,0,,52052156.79
2026-04-30,43,46.51,20,23,1764554.256,0,820722.9099,0,50862213,42034886.78,4623837.545,4203488.678,0,,35291085.12
2026-05-01,43,53.49,23,20,1585356.931,0,847981.6145,0,50502239,43124366.45,3864599.909,3513272.645,0,,36463209.42
2026-05-02,43,53.49,23,20,1831668.538,0,979729.6829,0,58267091,49541599.5,4570495.545,4154995.95,0,,42128376.36
2026-05-03,43,62.79,27,16,2116162.832,0,1328753.406,0,74336057,64070280.76,5377311.364,4888464.876,0,,57136396.46
2026-05-04,43,65.12,28,15,1832296.696,0,1193123.43,0,68875535,58494390.14,5437742.545,4943402.314,0,,51304307.5
2026-05-05,43,79.07,34,9,1688814.27,0,1335341.516,0,78275142,66262660.39,6292252.273,5720229.339,0,,57419685.18
2026-05-06,43,81.4,35,8,1850360.507,0,1506107.389,0,85345804.9,71911378.07,7037080.718,6397346.107,0,,64762617.74
2026-05-07,43,81.4,35,8,1674520.494,0,1362981.798,0,80985229.2,68360283.42,6613066.836,6011878.942,0,,58608217.31
2026-05-08,43,62.79,27,16,1627959.382,0,1022207.054,0,61085433,50483828.93,5553221.182,5048382.893,0,,43954903.31
2026-05-09,43,58.14,25,18,1659852.893,0,965030.7515,0,57510550,47529380.17,5228231.818,4752938.017,0,,41496322.31
2026-05-10,43,48.84,21,20,1459638.686,2,712846.7999,0,44644419,36896214.05,4058583.545,3689621.405,0,,30652412.4
2026-05-11,43,51.16,22,19,1380955.184,2,706535.2105,0,45556027,37649609.09,4141457,3764960.909,0,,30381014.05
2026-05-12,43,62.79,27,14,1390751.821,2,873262.7715,0,56795862,46938728.93,5163260.182,4693872.893,0,,37550299.17
2026-05-13,43,60.47,26,15,1333302.765,2,806183.0675,0,52165705,43112152.89,4742336.818,4311215.289,0,,34665871.9
2026-05-14,43,60.47,26,15,1599732.645,2,967280.2037,0,60307589,49840982.64,5482508.091,4984098.264,0,,41593048.76
2026-05-15,43,62.79,27,14,1635786.165,2,1027121.545,0,63171134,52207548.76,5742830.364,5220754.876,0,,44166226.45
2026-05-16,43,51.16,22,21,1809399.624,0,925739.3427,0,56261218,46496874.38,5114656.182,4649687.438,0,,39806791.74
2026-05-17,43,55.81,24,19,1808760.296,0,1009540.63,0,60531399,50025949.59,5502854.455,5002594.959,0,,43410247.11
2026-05-18,43,65.12,28,15,1934087.313,0,1259405.692,0,73392855,61811469.55,6066440,5514945.455,0,,54154444.75
2026-05-19,43,69.77,30,13,1787726.12,0,1247250.781,0,72710435,61247486.07,6004401.818,5458547.107,0,,53631783.6
2026-05-20,43,53.49,23,20,1805973.02,0,965985.5689,0,56176206,47582834.01,4501290.091,4092081.901,0,,41537379.46
2026-05-21,43,83.72,36,7,1625456.569,0,1360847.36,0,81470865,68487510.87,6800804.545,6182549.587,0,,58516436.49
2026-05-22,43,76.74,33,10,1626698.809,0,1248396.761,0,73532888,61957920.21,6063078.364,5511889.421,0,,53681060.71
2026-05-23,43,44.19,19,24,1977552.086,0,873802.0846,0,51092727,43412332.61,4023063.727,3657330.661,0,,37573489.64
2026-05-24,43,46.51,20,23,1830137.994,0,851226.9741,0,49879938,42730859.06,3744755.636,3404323.306,0,,36602759.88
2026-05-25,43,51.16,22,21,1580728.137,0,808744.6281,0,49055777,40862795.87,4291561.545,3901419.587,0,,34776019.01
2026-05-26,43,44.19,19,24,1529930.013,0,676015.5872,0,41799885,34866190.91,3631935,3301759.091,0,,29068670.25
2026-05-27,43,46.51,20,23,1523513.884,0,708611.109,0,43845830,36557054.55,3817930,3470845.455,0,,30470277.69
2026-05-28,43,39.53,17,26,1471234.468,0,581650.8361,0,37178293,30725861.98,3379844.818,3072586.198,0,,25010985.95
2026-05-29,43,37.21,16,27,1690296.591,0,628947.5687,0,39339142,32511687.6,3576285.636,3251168.76,0,,27044745.45
2026-05-30,43,37.21,16,27,1698305.733,0,631927.7148,0,39609199,32734875.21,3600836.273,3273487.521,0,,27172891.74
2026-05-31,43,32.56,14,29,1413917.887,0,460345.3584,0,29581769,24447742.98,2689251.727,2444774.298,0,,19794850.41
2026-06-01,43,27.91,12,31,1516549.105,0,423223.006,0,26885293,22219250.41,2444117.545,2221925.041,0,,18198589.26
2026-06-02,43,46.51,20,23,1551668.264,0,721706.1695,0,45115372,37285431.4,4101397.455,3728543.14,0,,31033365.29
2026-06-03,43,72.09,31,12,1773441.787,0,1278527.8,0,76156801.44,62939505.32,6923345.585,6293950.532,0,,54976695.4
2026-06-04,43,67.44,29,14,1730411.504,0,1167021.712,0,71305139.67,58929867.5,6482285.425,5892986.75,0,,50181933.61
2026-06-05,43,62.79,27,16,1734773.176,0,1089276.18,0,65860039.67,54429784.85,5987276.334,5442978.485,0,,46838875.76
2026-06-06,43,27.91,12,31,1608965.014,0,449013.4922,0,29332172,24241464.46,2666561.091,2424146.446,0,,19307580.17
2026-06-07,43,27.91,12,31,1768846.556,0,493631.5972,0,31753652,26242687.6,2886695.636,2624268.76,0,,21226158.68
2026-06-08,43,30.23,13,30,1872693.706,0,566163.2135,0,35427472,29278902.48,3220679.273,2927890.248,0,,24345018.18
2026-06-09,43,32.56,14,29,1856289.728,0,604373.4,0,37815548,31252519.01,3437777.091,3125251.901,0,,25988056.2
2026-06-10,43,46.51,20,23,1699333.11,0,790387.4928,0,49743861.25,41110629.13,4522169.205,4111062.913,0,,33986662.19
2026-06-11,43,44.19,19,24,1761160.254,0,778187.0892,0,47004074.25,38846342.36,4273097.659,3884634.236,0,,33462044.83
2026-06-12,43,37.21,16,27,1785491.8,0,664369.0419,0,40032121.25,33084397.73,3639283.75,3308439.773,0,,28567868.8
2026-06-13,43,39.53,17,26,1549328.597,0,612525.2595,0,38709689.25,31991478.72,3519062.659,3199147.872,0,,26338586.16
2026-06-14,43,55.81,24,19,1571746.178,0,877253.6806,0,54823509,45308685.12,4983955.364,4530868.512,0,,37721908.26
2026-06-15,43,60.47,26,17,1571364.399,0,950127.3112,0,58540124,48380267.77,5321829.455,4838026.777,0,,40855474.38
2026-06-16,43,48.84,21,22,1567639.709,0,765591.4857,0,47288725,39081590.91,4298975,3908159.091,0,,32920433.88
2026-06-17,43,60.47,26,17,1562089.352,0,944519.1428,0,59263331,48977959.5,5387575.545,4897795.95,0,,40614323.14
2026-06-18,43,62.79,27,16,1735808.295,0,1089926.139,0,68440582,56870956.2,6060280.182,5509345.62,0,,46866823.97
2026-06-19,43,55.81,24,19,1706484.676,0,952456.5635,0,62438040,51910177.69,5514594.545,5013267.769,0,,40955632.23
2026-06-20,43,46.51,20,23,2115803.396,0,984094.6029,0,57483683,49175572.06,4351867.636,3956243.306,0,,42316067.93
2026-06-21,43,48.84,21,22,2071771.515,0,1011795.391,0,59008230,50127036.52,4652053.727,4229139.752,0,,43507201.81
2026-06-22,43,55.81,24,19,1999180.723,0,1115821.799,0,66120724,56005130.74,5298644.091,4816949.174,0,,47980337.35
2026-06-23,43,51.16,22,21,1959357.962,0,1002462.213,0,58320981,49494304.91,4623497,4203179.091,0,,43105875.16
2026-06-24,43,48.84,21,22,1950540.142,0,952589.3715,0,57293225,47349772.73,5208475,4734977.273,0,,40961342.98
2026-06-25,43,46.51,20,23,1999022.314,0,929777.8205,0,55031340,45480446.28,5002849.091,4548044.628,0,,39980446.28
2026-06-26,43,46.51,20,23,1631712.427,0,758936.0127,0,47342440.74,39125984.08,4303858.249,3912598.408,0,,32634248.55
2026-06-27,43,46.51,20,23,1840910.857,0,856237.6079,0,51870042.74,42867803.92,4715458.431,4286780.392,0,,36818217.14
2026-06-28,43,79.07,34,9,2014038.624,0,1592495.656,0,94477549,78080619.01,8588868.091,7808061.901,0,,68477313.22
2026-06-29,43,74.42,32,11,2026697.082,0,1508239.689,0,88228711,72916290.08,8020791.909,7291629.008,0,,64854306.61
2026-06-30,43,23.26,10,33,1841216.694,0,428189.9289,0,27731222,22918365.29,2521020.182,2291836.529,0,,18412166.94
2026-07-01,43,16.28,7,36,2604021.133,0,423910.4171,0,27508559,22734346.28,2500778.091,2273434.628,0,,18228147.93
2026-07-02,43,18.6,8,35,2244843.182,0,417645.2431,0,26817582,22163290.91,2437962,2216329.091,0,,17958745.45
2026-07-03,43,20.93,9,34,2330709.458,0,487822.9099,0,30368926,25098285.95,2760811.455,2509828.595,0,,20976385.12
2026-07-04,43,32.56,14,29,2634785.207,0,857837.044,0,48730816,41791951.57,3634643.273,3304221.157,0,,36886992.89
2026-07-05,43,34.88,15,28,2377151.758,0,829238.9852,0,50742859,43454797.02,3817556.273,3470505.702,0,,35657276.36
2026-07-06,43,41.86,18,25,2776629.311,0,1162309.944,0,66562541,56528914.38,5255709.182,4777917.438,0,,49979327.6
2026-07-07,43,58.14,25,18,2648242.195,0,1539675.695,0,90126881,76003575.54,7397921.909,6725383.554,0,,66206054.88
2026-07-08,43,60.47,26,17,2276062.746,0,1376223.986,0,88249934,72933829.75,8022721.273,7293382.975,0,,59177631.4
2026-07-09,43,46.51,20,23,2896146.24,0,1347044.763,0,80696739,66691519.83,7336067.182,6669151.983,0,,57922924.79
2026-07-10,43,46.51,20,23,2748700.992,0,1278465.578,0,77593564,64126912.4,7053960.364,6412691.24,0,,54974019.83
2026-07-11,43,41.86,18,25,2281485.17,0,955040.3037,0,61600747,50909708.26,5600067.909,5090970.826,0,,41066733.06
2026-07-12,43,39.53,17,26,2425460.136,0,958902.8445,0,59386715,49079929.75,5398792.273,4907992.975,0,,41232822.31
2026-07-13,43,37.21,16,27,2403747.159,0,894417.5476,0,56821545,46959954.55,5165595,4695995.455,0,,38459954.55
2026-07-14,43,32.56,14,29,2610098.819,0,849799.6156,0,52335074,43252127.27,4757734,4325212.727,0,,36541383.47
2026-07-15,43,37.21,16,27,2442528.099,0,908847.6648,0,58487344,48336647.93,5317031.273,4833664.793,0,,39080449.59
2026-07-16,43,27.91,12,31,2287996.212,0,638510.5708,0,43546705,35989012.4,3958791.364,3598901.24,0,,27455954.55
2026-07-17,43,53.49,23,20,2152084.262,0,1151114.838,0,75917505,62741739.67,6901591.364,6274173.967,0,,49497938.02
2026-07-18,43,41.86,18,25,2117738.981,0,886495.3873,0,57459355,47487070.25,5223577.727,4748707.025,0,,38119301.65
2026-07-19,43,32.56,14,29,1839752.066,0,598989.0448,0,42275400,34938347.11,3843218.182,3493834.711,0,,25756528.93
2026-07-20,43,23.26,10,33,2012495.868,0,468022.2948,0,31296200,25864628.1,2845109.091,2586462.81,0,,20124958.68
2026-07-21,43,23.26,10,33,1848291.818,0,429835.3066,0,29814331,24639942.98,2710393.727,2463994.298,0,,18482918.18
2026-07-22,43,65.12,28,15,1555539.05,0,1012909.149,0,65901663,54464184.3,5991060.273,5446418.43,0,,43555093.39
2026-07-23,43,76.74,33,10,2070021.451,0,1588621.113,0,94051896,79674344.23,7531098.545,6846453.223,0,,68310707.87
2026-07-24,43,69.77,30,13,2010725.671,0,1402831.864,0,82960822,70433340.38,6562014.182,5965467.438,0,,60321770.13
2026-07-25,43,65.12,28,15,1786139.488,0,1163067.574,0,70945886,60503641.21,5469747.273,4972497.521,0,,50011905.67
2026-07-26,43,37.21,16,27,2768422.204,0,1030110.587,0,59818134,51307151.95,4458133.455,4052848.595,0,,44294755.26
2026-07-27,43,34.88,15,28,2917654.758,0,1017786.544,0,58686914,50372259.39,4355295.273,3959359.339,0,,43764821.37
2026-07-28,43,27.91,12,31,2817208.909,0,786197.8351,0,45044894,38769316.83,3287207.091,2988370.083,0,,33806506.91
2026-07-29,43,39.53,17,26,2611986.162,0,1032645.692,0,59117576,50399632.53,4566541.818,4151401.653,0,,44403764.76
2026-07-30,43,34.88,15,28,2390038.753,0,833734.4486,0,48468224,41598515.17,3598418.909,3271289.917,0,,35850581.29
2026-07-31,43,44.19,19,24,2342711.76,0,1035151.708,0,59567964,50771854.02,4607486.182,4188623.802,0,,44511523.44
2026-08-01,43,51.16,22,21,2333224.785,0,1193742.913,0,69117594,58541689.07,5539759.727,5036145.207,0,,51330945.26
2026-08-02,43,55.81,24,19,2324739.799,0,1297529.19,0,76017594,64244168.4,6167032.455,5606393.14,0,,55793755.18
2026-08-03,43,48.84,21,22,2457744.107,0,1200293.634,0,69798428,59104361.79,5601653.727,5092412.479,0,,51612626.26
2026-08-04,43,34.88,15,28,2277241.695,0,794386.6379,0,47004087,40266063.45,3529440.909,3208582.645,0,,34158625.43
2026-08-05,43,25.58,11,32,2249612.079,0,575482.1597,0,33029487,28716807.25,2259022.727,2053657.025,0,,24745732.87
2026-08-06,43,44.19,19,24,2680878.807,0,1184574.357,0,67295554,57035870.88,5374119.727,4885563.388,0,,50936697.33
2026-08-07,43,25.58,11,32,3297055.129,0,843432.7075,0,46405954,39771738.65,3475065.182,3159150.165,0,,36267606.42
2026-08-08,43,46.51,20,23,2752357.222,0,1280166.15,0,73804195,62414913.03,5965814.364,5423467.603,0,,55047144.44
2026-08-09,43,55.81,24,19,2325018.561,0,1297684.778,0,77958539,64428544.63,7087139.909,6442854.463,0,,55800445.45
2026-08-10,43,55.81,24,19,2224551.446,0,1241610.11,0,74340974,61438821.49,6758270.364,6143882.149,0,,53389234.71
2026-08-11,43,69.77,30,13,2437032.507,0,1700255.237,0,101704280,84053123.97,9245843.636,8405312.397,0,,73110975.21
2026-08-12,43,60.47,26,17,2536403.115,0,1533639.093,0,91085242,75277059.5,8280476.545,7527705.95,0,,65946480.99
2026-08-13,43,41.86,18,25,2374046.006,0,993786.7,0,60571722,50059274.38,5506520.182,5005927.438,0,,42732828.1
2026-08-14,43,46.51,20,23,2486445,0,1156486.047,0,68076969,56261957.85,6188815.364,5626195.785,0,,49728900
2026-08-15,43,51.16,22,21,2319820.173,0,1186884.74,0,70108613,57941002.48,6373510.273,5794100.248,0,,51036043.8
2026-08-16,43,60.47,26,17,2258721.647,0,1365738.67,0,80114383,66210233.88,7283125.727,6621023.388,0,,58726762.81
2026-08-17,43,46.51,20,23,2621448.531,0,1219278.387,0,68226476,57970292.94,5372286.364,4883896.694,0,,52428970.63
2026-08-18,43,58.14,25,18,2273645.437,0,1321886.882,0,74260196,62956838.4,5920806.364,5382551.24,0,,56841135.92
2026-08-19,43,48.84,21,22,2353071.053,0,1149174.235,0,63623957,54166558.23,4953875.545,4503523.223,0,,49414492.12
2026-08-20,43,25.58,11,32,2103634.485,0,538139.0544,0,31949375,26404442.15,2904488.636,2640444.215,0,,23139979.34
2026-08-21,43,27.91,12,31,2179953.375,0,608359.0813,0,36002923,29754481.82,3272993,2975448.182,0,,26159440.5
2026-08-22,43,25.58,11,32,1963419.384,0,502270.075,0,29833112,24655464.46,2712101.091,2465546.446,0,,21597613.22
2026-08-23,43,34.88,15,28,2285566.942,0,797290.7938,0,46283040,38250446.28,4207549.091,3825044.628,0,,34283504.13
2026-08-24,43,34.88,15,28,2304850.689,0,804017.6821,0,46283040,38250446.28,4207549.091,3825044.628,0,,34572760.33
2026-08-25,43,44.19,19,24,2170699.174,0,959146.1465,0,56194374,46441631.4,5108579.455,4644163.14,0,,41243284.3
2026-08-26,43,44.19,19,24,2138528.665,0,944931.2704,0,56104774,46367581.82,5100434,4636758.182,0,,40632044.63
2026-08-27,43,46.51,20,23,2203234.793,0,1024760.369,0,59908282,49510976.86,5446207.455,4951097.686,0,,44064695.87
2026-08-28,43,41.86,18,25,2296808.173,0,961454.5839,0,55424482,45805357.02,5038589.273,4580535.702,0,,41342547.11
2026-08-29,43,11.63,5,38,1869762.645,0,217414.261,0,12812064,10588482.64,1164733.091,1058848.264,0,,9348813.223
2026-08-30,43,13.95,6,37,1428743.802,0,199359.6002,0,12172680,10060066.12,1106607.273,1006006.612,0,,8572462.81
2026-08-31,43,18.6,8,35,1486829.545,0,276619.4503,0,18107510,14964884.3,1646137.273,1496488.43,0,,11894636.36
2026-09-01,43,13.95,6,37,1164340.22,0,162466.0773,0,11568110,9560421.488,1051646.364,956042.1488,0,,6986041.322
2026-09-02,43,18.6,8,35,1509288.12,0,280797.7897,0,18424909,15227197.52,1674991.727,1522719.752,0,,12074304.96
2026-09-03,43,16.28,7,36,1503002.243,0,244674.7838,0,16195429,13384652.07,1472311.727,1338465.207,0,,10521015.7
2026-09-04,43,37.21,16,27,1603478.771,0,596643.2635,0,37008349,30585412.4,3364395.364,3058541.24,0,,25655660.33
2026-09-05,43,37.21,16,27,1602784.039,0,596384.7588,0,36494899,30161073.55,3317718.091,3016107.355,0,,25644544.63
2026-09-06,43,44.19,19,24,1513370.726,0,668698.6931,0,41972393,34687928.1,3815672.091,3468792.81,0,,28754043.8
2026-09-07,43,16.28,7,36,1496077.922,0,243547.5687,0,16286780,13460148.76,1480616.364,1346014.876,0,,10472545.45
2026-09-08,43,18.6,8,35,1540042.355,0,286519.508,0,18472610,15266619.83,1679328.182,1526661.983,0,,12320338.84
2026-09-09,43,13.95,6,37,1974024.105,0,275445.2239,0,17296415,14294557.85,1572401.364,1429455.785,0,,11844144.63
2026-09-10,43,16.28,7,36,1861684.179,0,303064.8664,0,19798465,16362367.77,1799860.455,1636236.777,0,,13031789.26
2026-09-11,43,20.93,9,34,1939510.101,0,405943.9746,0,26396265,21815095.04,2399660.455,2181509.504,0,,17455590.91
2026-09-12,43,18.6,8,35,2084464.36,0,387807.3227,0,25002615,20663318.18,2272965,2066331.818,0,,16675714.88
2026-09-13,43,23.26,10,33,1767227.686,0,410983.1828,0,27623455,22829301.65,2511223.182,2282930.165,0,,17672276.86
2026-09-14,43,18.6,8,35,1179663.223,0,219472.2276,0,17079140,14114991.74,1552649.091,1411499.174,0,,9437305.785
2026-09-15,43,20.93,9,34,1170306.703,0,244947.9147,0,19279640,15933586.78,1752694.545,1593358.678,0,,10532760.33
2026-09-16,43,20.93,9,34,1102154.27,0,230683.4519,0,18487460,15278892.56,1680678.182,1527889.256,0,,9919388.43
2026-09-17,43,18.6,8,35,1126943.182,0,209663.8478,0,16278810,13453561.98,1479891.818,1345356.198,0,,9015545.455
2026-09-18,43,16.28,7,36,1065286.895,0,173418.7968,0,13277980,10973537.19,1207089.091,1097353.719,0,,7457008.264
2026-09-19,43,34.88,15,28,2502293.168,0,872892.9656,0,49771621,41133571.07,4524692.818,4113357.107,0,,37534397.52
2026-09-20,43,44.19,19,24,2238825.185,0,989248.3375,0,56840591,46975695.04,5167326.455,4697569.504,0,,42537678.51
2026-09-21,43,51.16,22,21,2026729.564,0,1036931.405,0,61021541,50431025.62,5547412.818,5043102.562,0,,44588050.41
2026-09-22,43,51.16,22,21,2054903.869,0,1051346.166,0,61021541,50431025.62,5547412.818,5043102.562,0,,45207885.12
2026-09-23,43,48.84,21,22,2080508.107,0,1016062.099,0,58835711,48624554.55,5348701,4862455.455,0,,43690670.25
2026-09-24,43,27.91,12,31,2801464.256,0,781803.9785,0,42692261,35282860.33,3881114.636,3528286.033,0,,33617571.07
2026-09-25,43,27.91,12,31,2774073.072,0,774159.927,0,43109541,35627719.83,3919049.182,3562771.983,0,,33288876.86
2026-09-26,43,30.23,13,30,2648861.475,0,800818.5854,0,44796591,37021976.03,4072417.364,3702197.603,0,,34435199.17
2026-09-27,43,9.3,4,39,987159.0909,0,91828.75264,0,7092850,5861859.504,644804.5455,586185.9504,0,,3948636.364
2026-09-28,43,9.3,4,39,945836.7769,0,87984.81645,0,7092850,5861859.504,644804.5455,586185.9504,0,,3783347.107
2026-09-29,43,16.28,7,36,961786.3046,0,156569.8635,0,12791330,10571347.11,1162848.182,1057134.711,0,,6732504.132
2026-09-30,43,11.63,5,38,1015922.314,0,118130.5016,0,10091330,8339942.149,917393.6364,833994.2149,0,,5079611.57
2026-10-01,43,16.28,7,36,1773710.272,0,288743.5326,0,19318326,15965558.68,1756211.455,1596555.868,0,,12415971.9
2026-10-02,43,20.93,9,34,1765700.275,0,369565.1739,0,24173476,19978079.34,2197588.727,1997807.934,0,,15891302.48
2026-10-03,43,20.93,9,34,1766283.379,0,369687.2189,0,24129826,19942004.96,2193620.545,1994200.496,0,,15896550.41
2026-10-04,43,23.26,10,33,1688303.802,0,392628.7911,0,25523476,21093781.82,2320316,2109378.182,0,,16883038.02
2026-10-05,43,23.26,10,33,1427920.165,0,332074.457,0,22822834,18861846.28,2074803.091,1886184.628,0,,14279201.65
2026-10-06,43,27.91,12,31,1490507.163,0,415955.4872,0,29127164,24072036.36,2647924,2407203.636,0,,17886085.95
2026-10-07,43,58.14,25,18,1159420.893,0,674081.9143,0,43962482,36332629.75,3996589.273,3633262.975,0,,28985522.31
2026-10-08,43,53.49,23,20,1076037.657,0,575555.0259,0,37436128,30938948.76,3403284.364,3093894.876,0,,24748866.12
2026-10-09,43,48.84,21,22,1028870.838,0,502471.8047,0,33433608,27631080.99,3039418.909,2763108.099,0,,21606287.6
2026-10-10,43,48.84,21,22,1041969.382,0,508868.768,0,33716442,27864828.1,3065131.091,2786482.81,0,,21881357.02
2026-10-11,43,18.6,8,35,1319880.372,0,245559.139,0,17166442,14187142.15,1560585.636,1418714.215,0,,10559042.98
2026-10-12,43,25.58,11,32,1286734.936,0,329164.7511,0,22316442,18443340.5,2028767.455,1844334.05,0,,14154084.3
2026-10-13,43,23.26,10,33,1223298.512,0,284488.0261,0,18516912,15303233.06,1683355.636,1530323.306,0,,12232985.12
2026-10-14,43,13.95,6,37,1087279.614,0,151713.4346,0,9593650,7928636.364,872150,792863.6364,0,,6523677.686
2026-10-15,43,9.3,4,39,1073068.182,0,99820.29598,0,6343650,5242685.95,576695.4545,524268.595,0,,4292272.727
2026-10-16,43,11.63,5,38,1150786.073,0,133812.334,0,11457255.74,9468806.397,1041568.704,946880.6397,0,,5753930.364
2026-10-17,43,6.98,3,40,1534051.16,0,107026.8251,0,8713605.71,7201327.033,792145.9736,720132.7033,0,,4602153.479
2026-10-18,43,6.98,3,40,1341213.694,0,93573.04843,0,8713605.71,7201327.033,792145.9736,720132.7033,0,,4023641.083
2026-10-19,43,6.98,3,40,1146602.124,0,79995.49702,0,7592165.71,6274517.116,690196.8827,627451.7116,0,,3439806.372
2026-10-20,43,13.95,6,37,1401025.58,0,195491.9414,0,14941445.71,12348302.24,1358313.246,1234830.224,0,,8406153.479
2026-10-21,43,11.63,5,38,1348862.101,0,156844.4303,0,11940615.71,9868277.446,1085510.519,986827.7446,0,,6744310.504
2026-10-22,43,11.63,5,38,1373655.489,0,159727.3825,0,11940615.71,9868277.446,1085510.519,986827.7446,0,,6868277.446
2026-10-23,43,4.65,2,41,1491735.537,0,69383.04824,0,4650000,3842975.207,422727.2727,384297.5207,0,,2983471.074
2026-10-24,43,4.65,2,41,1487603.306,0,69190.85143,0,4900000,4049586.777,445454.5455,404958.6777,0,,2975206.612
2026-10-25,43,9.3,4,39,1424380.165,0,132500.4805,0,8194000,6771900.826,744909.0909,677190.0826,0,,5697520.661
2026-10-26,43,6.98,3,40,1464151.24,0,102150.0865,0,6214869,5136255.372,564988.0909,513625.5372,0,,4392453.719
2026-10-27,43,6.98,3,40,1477925.344,0,103111.0705,0,6214869,5136255.372,564988.0909,513625.5372,0,,4433776.033
2026-10-28,43,4.65,2,41,1113223.14,0,51777.82049,0,3294000,2722314.05,299454.5455,272231.405,0,,2226446.281
2026-10-29,43,0,0,43,0,0,0,0,0,0,0,0,0,,3447661.157
2026-10-30,43,0,0,43,0,0,0,0,0,0,0,0,0,,3447661.157
2026-10-31,43,4.65,2,41,3313173.14,0,154101.0763,0,8717879,7204858.678,792534.4545,720485.8678,0,,6626346.281
2026-11-01,43,6.98,3,40,2077461.157,0,144939.1505,0,8591184,7100152.066,781016.7273,710015.2066,0,,6232383.471
2026-11-02,43,6.98,3,40,2049912.948,0,143017.1824,0,8591184,7100152.066,781016.7273,710015.2066,0,,6149738.843
2026-11-03,43,9.3,4,39,1980443.595,0,184227.3112,0,10885347,8996154.545,989577,899615.4545,0,,7921774.38
2026-11-04,43,6.98,3,40,2378883.471,0,165968.6143,0,9535347,7880452.066,866849.7273,788045.2066,0,,7136650.413
2026-11-05,43,6.98,3,40,2378883.471,0,165968.6143,0,9535347,7880452.066,866849.7273,788045.2066,0,,7136650.413
2026-11-06,43,6.98,3,40,2704215.978,0,188666.231,0,10766304,8897771.901,978754.9091,889777.1901,0,,8112647.934
2026-11-07,43,2.33,1,42,2665388.43,0,61985.77744,0,3525120,2913322.314,320465.4545,291332.2314,0,,2665388.43
2026-11-08,43,2.33,1,42,2665388.43,0,61985.77744,0,3525120,2913322.314,320465.4545,291332.2314,0,,2665388.43
2026-11-09,43,0,0,43,0,0,0,0,0,0,0,0,,,
2026-11-10,43,0,0,43,0,0,0,0,0,0,0,0,,,
2026-11-11,43,0,0,43,0,0,0,0,0,0,0,0,,,
2026-11-12,43,0,0,43,0,0,0,0,0,0,0,0,,,
2026-11-13,43,6.98,3,40,1821445.455,0,127077.5899,0,7661847,6332104.959,696531.5455,633210.4959,0,,5464336.364
2026-11-14,43,6.98,3,40,1862767.769,0,129960.542,0,7661847,6332104.959,696531.5455,633210.4959,0,,5588303.306
2026-11-15,43,0,0,43,0,0,0,0,0,0,0,0,,,
2026-11-16,43,0,0,43,0,0,0,0,0,0,0,0,,,
2026-11-17,43,0,0,43,0,0,0,0,0,0,0,0,,,
2026-11-18,43,2.33,1,42,743801.6529,0,17297.71286,0,1350000,1115702.479,122727.2727,111570.2479,0,,743801.6529
2026-11-19,43,2.33,1,42,537190.0826,0,12492.79262,0,1350000,1115702.479,122727.2727,111570.2479,0,,537190.0826
2026-11-20,43,2.33,1,42,826446.281,0,19219.68095,0,1350000,1115702.479,122727.2727,111570.2479,0,,826446.281
2026-11-21,43,4.65,2,41,1595509.955,0,74209.76533,0,3631929,3397631.479,122727.2727,111570.2479,0,,3191019.909
2026-11-22,43,4.65,2,33,1595509.955,8,74209.76533,0,3631929,3397631.479,122727.2727,111570.2479,0,,3191019.909
2026-11-23,43,20.93,9,34,1024897.529,0,214513.4363,0,13081929,11207548.83,981818.1818,892561.9835,0,,9224077.76
2026-11-24,43,0,0,43,0,0,0,0,0,0,0,0,,,
2026-11-25,43,0,0,43,0,0,0,0,0,0,0,0,,,
2026-11-26,43,0,0,43,0,0,0,0,0,0,0,0,,,
2026-11-27,43,0,0,43,0,0,0,0,0,0,0,0,,,
2026-11-28,43,0,0,43,0,0,0,0,0,0,0,0,,,
2026-11-29,43,0,0,43,0,0,0,0,0,0,0,0,,,
2026-11-30,43,0,0,43,0,0,0,0,0,0,0,0,,,
2026-12-01,43,0,0,43,0,0,0,0,0,0,0,0,,,
2026-12-02,43,0,0,43,0,0,0,0,0,0,0,0,0,,2806148.76
2026-12-03,43,4.65,2,41,2793251.24,0,129918.6623,0,7459668,6165014.876,678151.6364,616501.4876,0,,5586502.479
2026-12-04,43,4.65,2,41,2834573.554,0,131840.6304,0,7459668,6165014.876,678151.6364,616501.4876,0,,5669147.107
2026-12-05,43,4.65,2,41,2834573.554,0,131840.6304,0,7459668,6165014.876,678151.6364,616501.4876,0,,5669147.107
2026-12-06,43,4.65,2,41,2834573.554,0,131840.6304,0,7459668,6165014.876,678151.6364,616501.4876,0,,5669147.107
2026-12-07,43,6.98,3,40,3456657.851,0,241162.1757,0,13147668,10865841.32,1195242.545,1086584.132,0,,10369973.55
2026-12-08,43,2.33,1,42,4700826.446,0,109321.5453,0,5688000,4700826.446,517090.9091,470082.6446,,,4700826.446
2026-12-09,43,2.33,1,42,4700826.446,0,109321.5453,0,5688000,4700826.446,517090.9091,470082.6446,,,4700826.446
2026-12-10,43,0,0,43,0,0,0,0,0,0,0,0,,,
2026-12-11,43,0,0,43,0,0,0,0,0,0,0,0,,,
2026-12-12,43,0,0,43,0,0,0,0,0,0,0,0,,,
2026-12-13,43,2.33,1,42,1404958.678,0,32673.45762,0,2050000,1694214.876,186363.6364,169421.4876,0,,1404958.678
2026-12-14,43,2.33,1,42,1446280.992,0,33634.44167,0,2050000,1694214.876,186363.6364,169421.4876,0,,1446280.992
2026-12-15,43,2.33,1,42,1446280.992,0,33634.44167,0,2050000,1694214.876,186363.6364,169421.4876,0,,1446280.992
2026-12-16,43,4.65,2,41,1911867.769,0,88924.08226,0,4626720,3823735.537,420610.9091,382373.5537,,,3823735.537
2026-12-17,43,4.65,2,41,1911867.769,0,88924.08226,0,4626720,3823735.537,420610.9091,382373.5537,,,3823735.537
2026-12-18,43,4.65,2,41,1911867.769,0,88924.08226,0,4626720,3823735.537,420610.9091,382373.5537,,,3823735.537
2026-12-19,43,9.3,4,39,1870571.488,0,174006.65,0,9053566,7482285.95,823051.4545,748228.595,,,7482285.95
2026-12-20,43,4.65,2,41,1829275.207,0,85082.56775,0,4426846,3658550.413,402440.5455,365855.0413,,,3658550.413
2026-12-21,43,4.65,2,41,2202319.421,0,102433.4615,0,5329613,4404638.843,484510.2727,440463.8843,,,4404638.843
2026-12-22,43,4.65,2,41,3196186.364,0,148659.8309,0,7734771,6392372.727,703161,639237.2727,,,6392372.727
2026-12-23,43,4.65,2,41,2853738.017,0,132732.0008,0,6906046,5707476.033,627822.3636,570747.6033,,,5707476.033
2026-12-24,43,4.65,2,41,2853738.017,0,132732.0008,0,6906046,5707476.033,627822.3636,570747.6033,,,5707476.033
2026-12-25,43,0,0,43,0,0,0,0,0,0,0,0,,,
2026-12-26,43,0,0,43,0,0,0,0,0,0,0,0,,,
2026-12-27,43,2.33,1,42,1759917.355,0,40928.31059,0,2479500,2049173.554,225409.0909,204917.3554,0,,1759917.355
2026-12-28,43,2.33,1,42,1801239.669,0,41889.29464,0,2479500,2049173.554,225409.0909,204917.3554,0,,1801239.669
2026-12-29,43,0,0,43,0,0,0,0,0,0,0,0,,,
2026-12-30,43,0,0,43,0,0,0,0,0,0,0,0,,,
2026-12-31,43,0,0,43,0,0,0,0,0,0,0,0,,,
2027-01-01,43,0,0,43,0,0,0,0,0,0,0,0,,,
2027-01-02,43,0,0,43,0,0,0,0,0,0,0,0,,,
2027-01-03,43,0,0,43,0,0,0,0,0,0,0,0,,,
2027-01-04,43,0,0,43,0,0,0,0,0,0,0,0,,,
2027-01-05,43,0,0,43,0,0,0,0,0,0,0,0,,,
2027-01-06,43,0,0,43,0,0,0,0,0,0,0,0,,,
2027-01-07,43,0,0,43,0,0,0,0,0,0,0,0,,,
2027-01-08,43,0,0,43,0,0,0,0,0,0,0,0,,,
2027-01-09,43,0,0,43,0,0,0,0,0,0,0,0,,,
2027-01-10,43,0,0,43,0,0,0,0,0,0,0,0,,,
2027-01-11,43,0,0,43,0,0,0,0,0,0,0,0,,,
2027-01-12,43,0,0,43,0,0,0,0,0,0,0,0,,,
2027-01-13,43,0,0,43,0,0,0,0,0,0,0,0,,,
2027-01-14,43,0,0,43,0,0,0,0,0,0,0,0,,,
2027-01-15,43,0,0,43,0,0,0,0,0,0,0,0,,,
2027-01-16,43,0,0,43,0,0,0,0,0,0,0,0,,,
2027-01-17,43,0,0,43,0,0,0,0,0,0,0,0,,,
2027-01-18,43,0,0,43,0,0,0,0,0,0,0,0,,,
2027-01-19,43,0,0,43,0,0,0,0,0,0,0,0,,,
2027-01-20,43,0,0,43,0,0,0,0,0,0,0,0,,,
2027-01-21,43,0,0,43,0,0,0,0,0,0,0,0,,,
2027-01-22,43,0,0,43,0,0,0,0,0,0,0,0,,,
2027-01-23,43,0,0,43,0,0,0,0,0,0,0,0,,,
2027-01-24,43,0,0,43,0,0,0,0,0,0,0,0,,,
2027-01-25,43,0,0,43,0,0,0,0,0,0,0,0,,,
2027-01-26,43,0,0,43,0,0,0,0,0,0,0,0,,,
2027-01-27,43,0,0,43,0,0,0,0,0,0,0,0,,,
2027-01-28,43,0,0,43,0,0,0,0,0,0,0,0,,,
2027-01-29,43,0,0,43,0,0,0,0,0,0,0,0,,,
2027-01-30,43,0,0,43,0,0,0,0,0,0,0,0,,,
2027-01-31,43,0,0,43,0,0,0,0,0,0,0,0,,,
2027-02-01,43,0,0,43,0,0,0,0,0,0,0,0,,,
2027-02-02,43,0,0,43,0,0,0,0,0,0,0,0,,,
2027-02-03,43,0,0,43,0,0,0,0,0,0,0,0,,,
2027-02-04,43,0,0,43,0,0,0,0,0,0,0,0,,,
2027-02-05,43,0,0,43,0,0,0,0,0,0,0,0,,,
2027-02-06,43,0,0,43,0,0,0,0,0,0,0,0,,,
2027-02-07,43,0,0,43,0,0,0,0,0,0,0,0,,,
2027-02-08,43,0,0,43,0,0,0,0,0,0,0,0,,,
2027-02-09,43,0,0,43,0,0,0,0,0,0,0,0,,,
2027-02-10,43,0,0,43,0,0,0,0,0,0,0,0,,,
2027-02-11,43,0,0,43,0,0,0,0,0,0,0,0,,,
2027-02-12,43,0,0,43,0,0,0,0,0,0,0,0,,,
2027-02-13,43,0,0,43,0,0,0,0,0,0,0,0,,,
2027-02-14,43,0,0,43,0,0,0,0,0,0,0,0,,,
2027-02-15,43,0,0,43,0,0,0,0,0,0,0,0,,,
2027-02-16,43,0,0,43,0,0,0,0,0,0,0,0,,,
2027-02-17,43,0,0,43,0,0,0,0,0,0,0,0,,,
2027-02-18,43,0,0,43,0,0,0,0,0,0,0,0,,,
2027-02-19,43,0,0,43,0,0,0,0,0,0,0,0,,,
2027-02-20,43,0,0,43,0,0,0,0,0,0,0,0,,,
2027-02-21,43,0,0,43,0,0,0,0,0,0,0,0,,,
2027-02-22,43,0,0,43,0,0,0,0,0,0,0,0,,,
2027-02-23,43,0,0,43,0,0,0,0,0,0,0,0,,,
2027-02-24,43,0,0,43,0,0,0,0,0,0,0,0,,,
2027-02-25,43,0,0,43,0,0,0,0,0,0,0,0,,,
2027-02-26,43,0,0,43,0,0,0,0,0,0,0,0,,,
2027-02-27,43,0,0,43,0,0,0,0,0,0,0,0,,,
2027-02-28,43,0,0,43,0,0,0,0,0,0,0,0,,,
2027-03-01,43,0,0,43,0,0,0,0,0,0,0,0,,,